RunID,User,Problem,Result,Memory,Time,Code Length,Submit Time
6912,b5c89539dc012db92bffd5c0865fe549,C,*Accepted6779(100%),8304,1560,956 B,2018/5/18 0:40
6911,b5c89539dc012db92bffd5c0865fe549,C,Runtime Error,8252,140,462 B,2018/5/18 0:39
6910,e4a3ce2682d105f960b2017b69773a94,F,Accepted,13340,1800,2571 B,2018/5/18 0:34
6909,e4a3ce2682d105f960b2017b69773a94,F,Runtime Error,15524,304,2570 B,2018/5/18 0:22
6908,1652a22d7e4a20212febc2168fff4b61,G,Accepted,10524,3300,572 B,2018/5/18 0:22
6907,1652a22d7e4a20212febc2168fff4b61,G,Time Limit Exceed,10380,4000,712 B,2018/5/18 0:22
6906,e4a3ce2682d105f960b2017b69773a94,F,Runtime Error,14672,288,2565 B,2018/5/18 0:20
6905,e4a3ce2682d105f960b2017b69773a94,F,Runtime Error,14184,292,2447 B,2018/5/18 0:17
6904,1652a22d7e4a20212febc2168fff4b61,G,Time Limit Exceed,9004,4000,712 B,2018/5/18 0:16
6903,e4a3ce2682d105f960b2017b69773a94,F,Runtime Error,13296,240,2466 B,2018/5/18 0:15
6902,b5c89539dc012db92bffd5c0865fe549,C,Runtime Error,7392,140,464 B,2018/5/18 0:14
6901,b5c89539dc012db92bffd5c0865fe549,D,*Accepted6015(100%),8292,276,2264 B,2018/5/18 0:12
6900,1652a22d7e4a20212febc2168fff4b61,G,Time Limit Exceed,10360,4000,712 B,2018/5/18 0:10
6898,b5c89539dc012db92bffd5c0865fe549,B,Compile Error,0,0,1302 B,2018/5/18 0:02
6897,b5c89539dc012db92bffd5c0865fe549,C,Runtime Error,7280,140,464 B,2018/5/18 0:01
6895,b5c89539dc012db92bffd5c0865fe549,A,*Accepted5948(100%),8264,284,1413 B,2018/5/17 23:59
6894,f0cc1c29b15d68cca19d0c0f5d8814b7,A,*Accepted5948(100%),8236,280,1413 B,2018/5/17 23:59
6893,08eddabb828f7be3312e39b6b348fd7e,E,Accepted,8288,828,3788 B,2018/5/17 23:56
6892,d741a01876b3dd97120568deeec99ccf,G,Compile Error,0,0,998 B,2018/5/17 23:55
6891,08eddabb828f7be3312e39b6b348fd7e,E,Wrong Answer,8272,136,3677 B,2018/5/17 23:54
6890,a26e296e95dd5f0f0616b556669d4fb7,F,Accepted,28824,2664,7834 B,2018/5/17 23:54
6889,b7985f3352b1cc58833876858fe14d93,E,Wrong Answer,7672,276,2676 B,2018/5/17 23:53
6888,b5c89539dc012db92bffd5c0865fe549,B,*Accepted6769(100%),17344,1996,569 B,2018/5/17 23:50
6887,3c619469aaa4b269bdde8f007b88a3c6,G,Accepted,11512,3964,786 B,2018/5/17 23:50
6886,b5c89539dc012db92bffd5c0865fe549,B,Compile Error,0,0,1304 B,2018/5/17 23:50
6885,b7985f3352b1cc58833876858fe14d93,E,Wrong Answer,7664,264,2670 B,2018/5/17 23:50
6884,b5c89539dc012db92bffd5c0865fe549,C,Runtime Error,8268,148,464 B,2018/5/17 23:45
6883,35a6c45ca1db5674b2ebcb602ceded50,G,Time Limit Exceed,22220,4000,861 B,2018/5/17 23:42
6882,d741a01876b3dd97120568deeec99ccf,G,Time Limit Exceed,7376,4000,754 B,2018/5/17 23:42
6881,d741a01876b3dd97120568deeec99ccf,G,Compile Error,0,0,755 B,2018/5/17 23:41
6880,35a6c45ca1db5674b2ebcb602ceded50,G,Wrong Answer,8560,516,896 B,2018/5/17 23:38
6879,3c619469aaa4b269bdde8f007b88a3c6,D,Accepted,8240,284,1622 B,2018/5/17 23:27
6878,a013801aea310ea794801003c54fc6ba,G,Accepted,8704,2172,1214 B,2018/5/17 23:26
6877,a013801aea310ea794801003c54fc6ba,G,Wrong Answer,7480,212,1198 B,2018/5/17 23:25
6876,8e21dfee8596cce54d231e84a3b7f173,G,Time Limit Exceed,27568,4000,763 B,2018/5/17 23:22
6875,e74c2aa62863d8f31df183c626dbceee,D,Accepted,7400,284,1410 B,2018/5/17 23:17
6872,a013801aea310ea794801003c54fc6ba,G,Wrong Answer,7492,212,1215 B,2018/5/17 23:14
6870,e5499e6685e517b0c726f0a7b8d8776f,D,Accepted,8212,272,1011 B,2018/5/17 23:12
6868,a1ac35aa7e343604bdf05b7558e5d2b2,G,Accepted,10504,3300,633 B,2018/5/17 23:09
6867,b7985f3352b1cc58833876858fe14d93,F,Accepted,12076,1920,2556 B,2018/5/17 23:07
6866,808dd07af8907d5a33310b916000649a,C,*Accepted6509(100%),8320,1532,759 B,2018/5/17 23:04
6865,808dd07af8907d5a33310b916000649a,C,Compile Error,0,0,691 B,2018/5/17 23:03
6864,8e21dfee8596cce54d231e84a3b7f173,G,Time Limit Exceed,18040,4000,744 B,2018/5/17 23:01
6863,8e21dfee8596cce54d231e84a3b7f173,G,Time Limit Exceed,11900,4000,738 B,2018/5/17 22:55
6862,50df31414b2239d83af808434616afb5,F,Compile Error,0,0,1551 B,2018/5/17 22:53
6861,a1ac35aa7e343604bdf05b7558e5d2b2,G,Wrong Answer,8268,796,824 B,2018/5/17 22:53
6860,a1ac35aa7e343604bdf05b7558e5d2b2,G,Compile Error,0,0,824 B,2018/5/17 22:52
6859,a013801aea310ea794801003c54fc6ba,G,Wrong Answer,8576,212,919 B,2018/5/17 22:51
6857,3dc3749735c46aa2ae316d63875b2d28,D,*Accepted6026(98%),8268,284,1923 B,2018/5/17 22:38
6856,808dd07af8907d5a33310b916000649a,B,*Accepted6040(100%),15268,2220,788 B,2018/5/17 22:38
6855,b994a56ad8c482202d51554560cbb723,G,Time Limit Exceed,20724,4000,544 B,2018/5/17 22:36
6854,8e21dfee8596cce54d231e84a3b7f173,G,Time Limit Exceed,10296,4000,736 B,2018/5/17 22:34
6852,b994a56ad8c482202d51554560cbb723,G,Time Limit Exceed,22920,4000,553 B,2018/5/17 22:29
6851,808dd07af8907d5a33310b916000649a,B,Compile Error,0,0,698 B,2018/5/17 22:20
6850,b994a56ad8c482202d51554560cbb723,G,Time Limit Exceed,39292,4000,673 B,2018/5/17 22:19
6849,a013801aea310ea794801003c54fc6ba,G,Time Limit Exceed,13316,4000,1669 B,2018/5/17 22:17
6848,f0cc1c29b15d68cca19d0c0f5d8814b7,G,Accepted,8636,2128,1205 B,2018/5/17 22:13
6847,35a6c45ca1db5674b2ebcb602ceded50,C,Wrong Answer,8248,140,1542 B,2018/5/17 22:11
6846,b994a56ad8c482202d51554560cbb723,G,Wrong Answer,9636,172,582 B,2018/5/17 22:06
6845,a1ac35aa7e343604bdf05b7558e5d2b2,D,Accepted,7712,280,3443 B,2018/5/17 22:00
6844,808dd07af8907d5a33310b916000649a,A,*Accepted6368(100%),7664,276,1092 B,2018/5/17 21:51
6843,35a6c45ca1db5674b2ebcb602ceded50,D,*Accepted5712(100%),7376,272,1426 B,2018/5/17 21:45
6842,f0cc1c29b15d68cca19d0c0f5d8814b7,D,Accepted,7420,280,1351 B,2018/5/17 21:44
6841,8e21dfee8596cce54d231e84a3b7f173,G,Time Limit Exceed,7416,4000,545 B,2018/5/17 21:44
6840,f6b12c9949b5b7e91c36421bcfd059dd,D,*Accepted5702(99%),8288,280,1366 B,2018/5/17 21:35
6839,f6b12c9949b5b7e91c36421bcfd059dd,D,Compile Error,0,0,980 B,2018/5/17 21:33
6838,f6b12c9949b5b7e91c36421bcfd059dd,A,*Accepted5883(96%),7936,276,1061 B,2018/5/17 21:24
6837,f6b12c9949b5b7e91c36421bcfd059dd,A,Runtime Error,7660,140,1073 B,2018/5/17 21:21
6836,3c619469aaa4b269bdde8f007b88a3c6,C,Accepted,8300,1536,687 B,2018/5/17 21:19
6835,f6b12c9949b5b7e91c36421bcfd059dd,A,Compile Error,0,0,1058 B,2018/5/17 21:18
6834,82ac84fd02c73a224a067c96892e54c2,G,Time Limit Exceed,15380,4000,810 B,2018/5/17 21:14
6833,f6b12c9949b5b7e91c36421bcfd059dd,A,Compile Error,0,0,1053 B,2018/5/17 21:13
6832,82ac84fd02c73a224a067c96892e54c2,G,Compile Error,0,0,806 B,2018/5/17 21:12
6831,f6b12c9949b5b7e91c36421bcfd059dd,A,Compile Error,0,0,1052 B,2018/5/17 21:12
6830,f6b12c9949b5b7e91c36421bcfd059dd,A,Compile Error,0,0,1066 B,2018/5/17 21:05
6829,67c55ba813981e3eff59d6df1f50c4fe,D,*Accepted5852(100%),7720,300,1663 B,2018/5/17 20:59
6828,f6b12c9949b5b7e91c36421bcfd059dd,A,Compile Error,0,0,1032 B,2018/5/17 20:59
6827,3c619469aaa4b269bdde8f007b88a3c6,B,Accepted,16680,2064,781 B,2018/5/17 20:58
6826,67c55ba813981e3eff59d6df1f50c4fe,D,Wrong Answer,7372,140,1746 B,2018/5/17 20:56
6825,f6b12c9949b5b7e91c36421bcfd059dd,A,Compile Error,0,0,1027 B,2018/5/17 20:54
6824,57770db7f903e6f55d219ca9db583756,D,Accepted,8220,308,887 B,2018/5/17 20:48
6823,e5499e6685e517b0c726f0a7b8d8776f,C,Accepted,8348,1552,466 B,2018/5/17 20:48
6822,f6b12c9949b5b7e91c36421bcfd059dd,C,Accepted,8280,1556,837 B,2018/5/17 20:46
6821,5780a2c3e2eeda2b73215dd6b5d491f7,D,Accepted,8236,280,1511 B,2018/5/17 20:45
6820,f6b12c9949b5b7e91c36421bcfd059dd,C,Compile Error,0,0,906 B,2018/5/17 20:41
6819,f6b12c9949b5b7e91c36421bcfd059dd,C,Compile Error,0,0,839 B,2018/5/17 20:38
6818,96be950cb442c8a12fc9ccf4b33046da,F,Compile Error,0,0,1562 B,2018/5/17 20:38
6817,67c55ba813981e3eff59d6df1f50c4fe,B,*Accepted5673(100%),15300,2188,872 B,2018/5/17 20:36
6816,f6b12c9949b5b7e91c36421bcfd059dd,C,Compile Error,0,0,834 B,2018/5/17 20:34
6815,f6b12c9949b5b7e91c36421bcfd059dd,C,Compile Error,0,0,839 B,2018/5/17 20:30
6814,aba1cd3b671be1918ce8923ddfa6c1b9,G,*Accepted6335(100%),10340,2324,975 B,2018/5/17 20:30
6813,f6b12c9949b5b7e91c36421bcfd059dd,C,Compile Error,0,0,840 B,2018/5/17 20:29
6812,67c55ba813981e3eff59d6df1f50c4fe,C,*Accepted5685(100%),8272,1572,604 B,2018/5/17 20:29
6811,f6b12c9949b5b7e91c36421bcfd059dd,B,Accepted,16804,2236,762 B,2018/5/17 20:28
6810,f6b12c9949b5b7e91c36421bcfd059dd,A,Compile Error,0,0,1028 B,2018/5/17 20:26
6809,7e053c643000b70864bce4f67e61b4b9,E,Runtime Error,7416,176,7595 B,2018/5/17 20:14
6808,7e053c643000b70864bce4f67e61b4b9,E,Runtime Error,7752,152,7679 B,2018/5/17 19:54
6806,7e053c643000b70864bce4f67e61b4b9,E,Runtime Error,7772,160,7666 B,2018/5/17 19:44
6805,7e053c643000b70864bce4f67e61b4b9,E,Runtime Error,8244,148,7561 B,2018/5/17 19:32
6804,50df31414b2239d83af808434616afb5,F,Compile Error,0,0,3040 B,2018/5/17 19:32
6803,e4a3ce2682d105f960b2017b69773a94,E,Accepted,7684,856,4191 B,2018/5/17 19:29
6802,a1ac35aa7e343604bdf05b7558e5d2b2,D,Wrong Answer,8268,304,2215 B,2018/5/17 19:24
6801,50df31414b2239d83af808434616afb5,E,*Accepted6588(100%),8284,908,1910 B,2018/5/17 19:22
6800,50df31414b2239d83af808434616afb5,E,Runtime Error,7508,128,1927 B,2018/5/17 19:19
6799,96be950cb442c8a12fc9ccf4b33046da,E,Accepted,7656,880,5959 B,2018/5/17 19:18
6798,e4a3ce2682d105f960b2017b69773a94,E,Wrong Answer,7360,140,4574 B,2018/5/17 18:50
6797,e4a3ce2682d105f960b2017b69773a94,E,Wrong Answer,7428,140,4574 B,2018/5/17 18:49
6796,e60f435260d9bc578467e6fdc90be85c,G,*Accepted6469(100%),8588,3104,982 B,2018/5/17 18:44
6795,e60f435260d9bc578467e6fdc90be85c,G,Compile Error,0,0,996 B,2018/5/17 18:44
6794,35a6c45ca1db5674b2ebcb602ceded50,C,Wrong Answer,7636,140,1537 B,2018/5/17 18:43
6793,e60f435260d9bc578467e6fdc90be85c,D,*Accepted6105(100%),8296,288,1563 B,2018/5/17 18:43
6792,e60f435260d9bc578467e6fdc90be85c,B,*Accepted6056(100%),18192,3084,998 B,2018/5/17 18:42
6791,e60f435260d9bc578467e6fdc90be85c,C,Accepted,8300,1580,515 B,2018/5/17 18:41
6790,e60f435260d9bc578467e6fdc90be85c,C,Compile Error,0,0,466 B,2018/5/17 18:39
6789,e60f435260d9bc578467e6fdc90be85c,C,Compile Error,0,0,523 B,2018/5/17 18:38
6788,e60f435260d9bc578467e6fdc90be85c,G,Compile Error,0,0,994 B,2018/5/17 18:37
6787,e60f435260d9bc578467e6fdc90be85c,G,Compile Error,0,0,996 B,2018/5/17 18:37
6786,e60f435260d9bc578467e6fdc90be85c,C,Compile Error,0,0,525 B,2018/5/17 18:36
6785,e60f435260d9bc578467e6fdc90be85c,B,Compile Error,0,0,525 B,2018/5/17 18:36
6784,e60f435260d9bc578467e6fdc90be85c,A,*Accepted6054(100%),7400,276,1024 B,2018/5/17 18:33
6783,e60f435260d9bc578467e6fdc90be85c,A,Compile Error,0,0,1025 B,2018/5/17 18:32
6782,a1ac35aa7e343604bdf05b7558e5d2b2,D,Wrong Answer,8240,280,2073 B,2018/5/17 18:31
6781,f0cc1c29b15d68cca19d0c0f5d8814b7,A,Accepted,8216,280,977 B,2018/5/17 18:27
6780,a1ac35aa7e343604bdf05b7558e5d2b2,D,Wrong Answer,7732,280,2034 B,2018/5/17 18:19
6779,f0cc1c29b15d68cca19d0c0f5d8814b7,C,Accepted,8648,1584,954 B,2018/5/17 18:08
6778,8e21dfee8596cce54d231e84a3b7f173,D,Accepted,7660,284,1239 B,2018/5/17 18:07
6777,7fe2bf9734f8c953aed1a8fecffec296,E,Accepted,8208,832,2795 B,2018/5/17 18:06
6776,f0cc1c29b15d68cca19d0c0f5d8814b7,C,Wrong Answer,7300,140,748 B,2018/5/17 18:00
6775,8e21dfee8596cce54d231e84a3b7f173,D,Wrong Answer,8228,288,1205 B,2018/5/17 17:57
6774,f0cc1c29b15d68cca19d0c0f5d8814b7,C,Wrong Answer,7440,140,748 B,2018/5/17 17:57
6773,7fe2bf9734f8c953aed1a8fecffec296,E,Wrong Answer,7716,560,2875 B,2018/5/17 17:56
6772,50df31414b2239d83af808434616afb5,F,Compile Error,0,0,2958 B,2018/5/17 17:54
6771,50df31414b2239d83af808434616afb5,F,Compile Error,0,0,2955 B,2018/5/17 17:53
6770,50df31414b2239d83af808434616afb5,F,Compile Error,0,0,2955 B,2018/5/17 17:53
6769,f0cc1c29b15d68cca19d0c0f5d8814b7,B,Accepted,15604,2012,571 B,2018/5/17 17:41
6768,e5499e6685e517b0c726f0a7b8d8776f,B,Accepted,15768,2144,661 B,2018/5/17 17:38
6767,b5c89539dc012db92bffd5c0865fe549,C,Runtime Error,7684,144,434 B,2018/5/17 17:25
6766,b5c89539dc012db92bffd5c0865fe549,C,Runtime Error,7600,132,464 B,2018/5/17 17:25
6765,82ac84fd02c73a224a067c96892e54c2,D,*Accepted5712(100%),8240,272,1527 B,2018/5/17 17:17
6764,a1ac35aa7e343604bdf05b7558e5d2b2,D,Wrong Answer,7724,280,2034 B,2018/5/17 17:15
6763,b5c89539dc012db92bffd5c0865fe549,B,Compile Error,0,0,1281 B,2018/5/17 17:07
6762,9b307c918011d9bd353a84bd3946c692,B,Compile Error,0,0,194 B,2018/5/17 17:03
6761,b5c89539dc012db92bffd5c0865fe549,B,Compile Error,0,0,1281 B,2018/5/17 17:02
6760,b5c89539dc012db92bffd5c0865fe549,B,Compile Error,0,0,1229 B,2018/5/17 16:57
6759,65f94df2c54451d14fdf4fe3d5d8eeb6,D,Accepted,8276,276,2557 B,2018/5/17 16:54
6758,3c619469aaa4b269bdde8f007b88a3c6,A,Accepted,7436,268,981 B,2018/5/17 16:53
6757,aba1cd3b671be1918ce8923ddfa6c1b9,G,Time Limit Exceed,17204,4000,976 B,2018/5/17 16:53
6756,d741a01876b3dd97120568deeec99ccf,D,Accepted,7884,276,1511 B,2018/5/17 16:52
6755,aba1cd3b671be1918ce8923ddfa6c1b9,G,Time Limit Exceed,17164,4000,977 B,2018/5/17 16:44
6754,3dc3749735c46aa2ae316d63875b2d28,C,Accepted,8328,1540,657 B,2018/5/17 16:35
6753,e5499e6685e517b0c726f0a7b8d8776f,A,Accepted,7704,280,1313 B,2018/5/17 16:33
6752,7e053c643000b70864bce4f67e61b4b9,G,Accepted,10500,3072,2619 B,2018/5/17 16:26
6751,aba1cd3b671be1918ce8923ddfa6c1b9,G,Time Limit Exceed,8304,4000,734 B,2018/5/17 16:12
6750,9b307c918011d9bd353a84bd3946c692,G,Compile Error,0,0,42 B,2018/5/17 16:05
6749,8e21dfee8596cce54d231e84a3b7f173,C,Accepted,8584,1528,2320 B,2018/5/17 15:59
6748,9b307c918011d9bd353a84bd3946c692,A,Runtime Error,7808,188,1434 B,2018/5/17 15:57
6747,9b307c918011d9bd353a84bd3946c692,A,*Accepted5669(100%),8268,284,1401 B,2018/5/17 15:54
6746,9b307c918011d9bd353a84bd3946c692,A,Compile Error,0,0,1410 B,2018/5/17 15:53
6745,9b307c918011d9bd353a84bd3946c692,A,Runtime Error,7360,132,565 B,2018/5/17 15:50
6744,9b307c918011d9bd353a84bd3946c692,A,Compile Error,0,0,1446 B,2018/5/17 15:46
6743,9b307c918011d9bd353a84bd3946c692,B,Accepted,16264,2100,565 B,2018/5/17 15:42
6742,8e21dfee8596cce54d231e84a3b7f173,C,Runtime Error,8272,560,2257 B,2018/5/17 15:41
6741,b7985f3352b1cc58833876858fe14d93,F,Wrong Answer,9772,184,3073 B,2018/5/17 15:36
6740,8e21dfee8596cce54d231e84a3b7f173,C,Runtime Error,8264,588,2254 B,2018/5/17 15:36
6739,8e21dfee8596cce54d231e84a3b7f173,C,Runtime Error,8244,568,2252 B,2018/5/17 15:31
6738,aba1cd3b671be1918ce8923ddfa6c1b9,D,*Accepted6194(99%),7912,272,3117 B,2018/5/17 15:21
6737,a313006bf93b0ed42436626faa27d724,D,Accepted,8276,272,724 B,2018/5/17 15:21
6736,57770db7f903e6f55d219ca9db583756,C,Accepted,8284,1540,499 B,2018/5/17 15:21
6735,a013801aea310ea794801003c54fc6ba,G,Time Limit Exceed,7732,4000,823 B,2018/5/17 15:16
6734,a013801aea310ea794801003c54fc6ba,G,Compile Error,0,0,828 B,2018/5/17 15:16
6733,578e6cb2865f1056088aae3d57430739,G,Compile Error,0,0,917 B,2018/5/17 15:15
6732,a013801aea310ea794801003c54fc6ba,G,Time Limit Exceed,7720,4000,768 B,2018/5/17 15:12
6731,7e053c643000b70864bce4f67e61b4b9,G,Time Limit Exceed,10164,4000,1625 B,2018/5/17 15:07
6730,a313006bf93b0ed42436626faa27d724,C,Accepted,8312,1592,467 B,2018/5/17 14:59
6729,b5c89539dc012db92bffd5c0865fe549,A,Runtime Error,7404,136,889 B,2018/5/17 14:57
6728,b5c89539dc012db92bffd5c0865fe549,A,Runtime Error,7392,144,937 B,2018/5/17 14:56
6727,b5c89539dc012db92bffd5c0865fe549,A,Runtime Error,8224,172,887 B,2018/5/17 14:54
6726,d741a01876b3dd97120568deeec99ccf,D,Wrong Answer,8204,160,1842 B,2018/5/17 14:47
6725,d741a01876b3dd97120568deeec99ccf,D,Wrong Answer,7384,140,1815 B,2018/5/17 14:46
6724,b5c89539dc012db92bffd5c0865fe549,A,Runtime Error,7340,136,931 B,2018/5/17 14:26
6722,a313006bf93b0ed42436626faa27d724,B,Accepted,14248,2408,1007 B,2018/5/17 14:18
6721,9b307c918011d9bd353a84bd3946c692,E,Compile Error,0,0,5057 B,2018/5/17 14:16
6720,b5c89539dc012db92bffd5c0865fe549,A,Runtime Error,8296,148,918 B,2018/5/17 14:11
6719,b5c89539dc012db92bffd5c0865fe549,A,Runtime Error,7700,136,927 B,2018/5/17 14:09
6718,b5c89539dc012db92bffd5c0865fe549,A,Compile Error,0,0,927 B,2018/5/17 14:09
6717,b5c89539dc012db92bffd5c0865fe549,A,Runtime Error,7272,136,927 B,2018/5/17 14:08
6716,9b307c918011d9bd353a84bd3946c692,E,Runtime Error,7644,132,5054 B,2018/5/17 14:06
6715,57770db7f903e6f55d219ca9db583756,B,Accepted,15612,2992,1292 B,2018/5/17 13:52
6714,35a6c45ca1db5674b2ebcb602ceded50,B,Accepted,13604,1964,1364 B,2018/5/17 13:29
6713,9b307c918011d9bd353a84bd3946c692,E,Compile Error,0,0,5095 B,2018/5/17 13:26
6712,a313006bf93b0ed42436626faa27d724,B,Runtime Error,13000,492,1106 B,2018/5/17 13:26
6711,a313006bf93b0ed42436626faa27d724,B,Runtime Error,13508,472,1106 B,2018/5/17 13:25
6710,18d5f25dcfbf7d3fb351432e5f43b71c,G,Compile Error,0,0,1204 B,2018/5/17 12:57
6709,18d5f25dcfbf7d3fb351432e5f43b71c,G,Wrong Answer,6832,640,1447 B,2018/5/17 12:38
6708,18d5f25dcfbf7d3fb351432e5f43b71c,G,Time Limit Exceed,7172,4000,1354 B,2018/5/17 12:34
6707,a313006bf93b0ed42436626faa27d724,B,Wrong Answer,13520,504,701 B,2018/5/17 12:21
6706,a313006bf93b0ed42436626faa27d724,B,Wrong Answer,13248,512,667 B,2018/5/17 12:20
6705,85db69dd5f62e8848f011a889e2e6b92,B,Runtime Error,13516,504,919 B,2018/5/17 12:10
6704,a313006bf93b0ed42436626faa27d724,A,Accepted,8292,272,676 B,2018/5/17 11:45
6703,8e21dfee8596cce54d231e84a3b7f173,B,Accepted,14852,2860,898 B,2018/5/17 11:41
6702,8e21dfee8596cce54d231e84a3b7f173,B,Wrong Answer,14084,572,917 B,2018/5/17 11:36
6701,8e21dfee8596cce54d231e84a3b7f173,B,Wrong Answer,14380,592,898 B,2018/5/17 11:29
6700,9b307c918011d9bd353a84bd3946c692,G,Accepted,10496,3284,709 B,2018/5/17 10:37
6699,9b307c918011d9bd353a84bd3946c692,G,Wrong Answer,7496,1204,515 B,2018/5/17 10:24
6698,9b307c918011d9bd353a84bd3946c692,G,Wrong Answer,8272,1204,521 B,2018/5/17 10:19
6697,9b307c918011d9bd353a84bd3946c692,G,Wrong Answer,7716,1212,521 B,2018/5/17 10:18
6696,6c3b8e9138887244642290a8306a8489,F,Accepted,30840,2744,3077 B,2018/5/17 10:13
6695,9b307c918011d9bd353a84bd3946c692,G,Wrong Answer,8324,1256,530 B,2018/5/17 10:10
6694,9b307c918011d9bd353a84bd3946c692,G,Time Limit Exceed,7624,4000,517 B,2018/5/17 10:08
6693,9b307c918011d9bd353a84bd3946c692,G,Wrong Answer,7660,1376,494 B,2018/5/17 10:05
6692,9b307c918011d9bd353a84bd3946c692,G,Wrong Answer,7440,1324,530 B,2018/5/17 10:03
6691,9b307c918011d9bd353a84bd3946c692,G,Wrong Answer,7504,1272,535 B,2018/5/17 9:58
6690,9b307c918011d9bd353a84bd3946c692,G,Wrong Answer,7724,1212,521 B,2018/5/17 9:55
6689,9b307c918011d9bd353a84bd3946c692,G,Wrong Answer,8320,3680,521 B,2018/5/17 9:54
6688,6c3b8e9138887244642290a8306a8489,F,Time Limit Exceed,38072,3000,2779 B,2018/5/17 9:54
6687,9b307c918011d9bd353a84bd3946c692,G,Wrong Answer,7480,3740,522 B,2018/5/17 9:51
6686,9b307c918011d9bd353a84bd3946c692,G,Compile Error,0,0,659 B,2018/5/17 9:50
6685,9b307c918011d9bd353a84bd3946c692,G,Wrong Answer,8296,3788,522 B,2018/5/17 9:43
6684,5780a2c3e2eeda2b73215dd6b5d491f7,C,*Accepted6509(100%),8268,1544,730 B,2018/5/17 9:05
6683,9b307c918011d9bd353a84bd3946c692,G,Wrong Answer,7668,3752,522 B,2018/5/17 9:00
6682,bcc9cc0c8889a34e9bcf5afaaed0e07a,F,Accepted,14296,1976,1682 B,2018/5/17 8:53
6681,9b307c918011d9bd353a84bd3946c692,G,Wrong Answer,7688,1216,429 B,2018/5/17 8:48
6680,9b307c918011d9bd353a84bd3946c692,G,Compile Error,0,0,429 B,2018/5/17 8:42
6679,9b307c918011d9bd353a84bd3946c692,G,Compile Error,0,0,431 B,2018/5/17 8:39
6678,5780a2c3e2eeda2b73215dd6b5d491f7,B,*Accepted6454(100%),17220,2132,930 B,2018/5/17 8:26
6677,5780a2c3e2eeda2b73215dd6b5d491f7,B,Compile Error,0,0,1343 B,2018/5/17 8:23
6676,8e21dfee8596cce54d231e84a3b7f173,A,Accepted,7432,272,849 B,2018/5/17 2:19
6675,35a6c45ca1db5674b2ebcb602ceded50,A,Accepted,7892,288,2028 B,2018/5/17 1:47
6674,8e21dfee8596cce54d231e84a3b7f173,A,Runtime Error,7344,144,869 B,2018/5/17 0:52
6673,9b307c918011d9bd353a84bd3946c692,D,Accepted,8296,276,1078 B,2018/5/17 0:17
6672,c65b9e9d8f8951428629246008dd7622,G,Accepted,10552,3320,599 B,2018/5/17 0:06
6671,c65b9e9d8f8951428629246008dd7622,G,Time Limit Exceed,10536,4000,603 B,2018/5/17 0:05
6670,9b307c918011d9bd353a84bd3946c692,C,Accepted,8292,1532,977 B,2018/5/17 0:05
6669,b17782be90ec2190dfaf89d54bebe498,G,*Accepted6243(97%),11056,3596,684 B,2018/5/17 0:05
6668,9b307c918011d9bd353a84bd3946c692,C,Runtime Error,7356,136,977 B,2018/5/17 0:04
6667,b17782be90ec2190dfaf89d54bebe498,G,Runtime Error,6676,108,715 B,2018/5/17 0:04
6666,b17782be90ec2190dfaf89d54bebe498,G,*Accepted6243(97%),10444,3408,684 B,2018/5/17 0:00
6665,b17782be90ec2190dfaf89d54bebe498,G,Time Limit Exceed,10564,4000,686 B,2018/5/16 23:58
6664,49f250b1007da3c54876456d36f8b054,F,Accepted,13916,2016,5443 B,2018/5/16 23:56
6663,44afc80df0c0f209841afdcd2525d096,F,Accepted,14732,2404,2562 B,2018/5/16 23:27
6662,44afc80df0c0f209841afdcd2525d096,F,Runtime Error,10784,228,2558 B,2018/5/16 23:26
6661,9b307c918011d9bd353a84bd3946c692,G,Time Limit Exceed,7396,4000,489 B,2018/5/16 22:52
6660,f9e9fa8cfca0d84757eee5094bdad8bb,E,Accepted,8284,812,2243 B,2018/5/16 22:51
6659,9b307c918011d9bd353a84bd3946c692,G,Time Limit Exceed,7668,4000,350 B,2018/5/16 22:45
6658,12296ba3e03a762493c3fe4ac0b58278,F,Accepted,13384,1948,2617 B,2018/5/16 22:37
6657,9b307c918011d9bd353a84bd3946c692,G,Wrong Answer,8324,3572,733 B,2018/5/16 22:32
6656,578e6cb2865f1056088aae3d57430739,G,Time Limit Exceed,29936,4000,885 B,2018/5/16 22:28
6655,9b307c918011d9bd353a84bd3946c692,C,Runtime Error,8828,212,573 B,2018/5/16 22:20
6654,578e6cb2865f1056088aae3d57430739,G,Time Limit Exceed,13640,4000,1330 B,2018/5/16 22:16
6653,9b307c918011d9bd353a84bd3946c692,C,Runtime Error,8732,204,573 B,2018/5/16 22:15
6652,9b307c918011d9bd353a84bd3946c692,C,Runtime Error,8828,220,567 B,2018/5/16 22:14
6651,9b307c918011d9bd353a84bd3946c692,C,Compile Error,0,0,567 B,2018/5/16 22:14
6650,9b307c918011d9bd353a84bd3946c692,C,Compile Error,0,0,567 B,2018/5/16 22:11
6649,578e6cb2865f1056088aae3d57430739,G,Wrong Answer,8352,164,1205 B,2018/5/16 22:04
6648,578e6cb2865f1056088aae3d57430739,G,Wrong Answer,7424,164,806 B,2018/5/16 21:56
6647,18d5f25dcfbf7d3fb351432e5f43b71c,G,Time Limit Exceed,7880,4000,3033 B,2018/5/16 21:46
6646,578e6cb2865f1056088aae3d57430739,G,Time Limit Exceed,7628,4000,713 B,2018/5/16 21:35
6645,578e6cb2865f1056088aae3d57430739,G,Wrong Answer,8280,3656,688 B,2018/5/16 21:33
6644,bcc9cc0c8889a34e9bcf5afaaed0e07a,E,Wrong Answer,8248,292,4273 B,2018/5/16 20:38
6643,578e6cb2865f1056088aae3d57430739,D,Accepted,8208,292,1398 B,2018/5/16 20:35
6642,bcc9cc0c8889a34e9bcf5afaaed0e07a,E,Runtime Error,7424,680,4223 B,2018/5/16 20:14
6639,578e6cb2865f1056088aae3d57430739,D,Time Limit Exceed,7440,2000,1223 B,2018/5/16 20:11
6638,b17782be90ec2190dfaf89d54bebe498,G,Time Limit Exceed,17924,4000,628 B,2018/5/16 20:09
6637,578e6cb2865f1056088aae3d57430739,D,Wrong Answer,8248,360,1145 B,2018/5/16 20:05
6636,b17782be90ec2190dfaf89d54bebe498,G,Time Limit Exceed,13672,4000,670 B,2018/5/16 19:58
6635,49f250b1007da3c54876456d36f8b054,F,Time Limit Exceed,22208,3000,5528 B,2018/5/16 19:55
6634,5780a2c3e2eeda2b73215dd6b5d491f7,A,*Accepted6368(100%),7868,288,1097 B,2018/5/16 19:53
6632,caef61cc3a29d513090a61d00707bbe4,G,*Accepted6337(96%),8532,3952,590 B,2018/5/16 19:23
6631,caef61cc3a29d513090a61d00707bbe4,G,Time Limit Exceed,8516,4000,660 B,2018/5/16 19:22
6629,caef61cc3a29d513090a61d00707bbe4,G,Time Limit Exceed,10236,4000,777 B,2018/5/16 19:12
6628,12b6c1d2e9c41954ab7770643187a607,D,Accepted,8264,328,1444 B,2018/5/16 19:09
6627,bcc9cc0c8889a34e9bcf5afaaed0e07a,E,Wrong Answer,8268,292,3762 B,2018/5/16 19:01
6626,312b0a002d423b6c24b9bdaa932ac419,G,Accepted,10452,3648,547 B,2018/5/16 18:52
6625,bcc9cc0c8889a34e9bcf5afaaed0e07a,E,Wrong Answer,7448,276,3849 B,2018/5/16 18:40
6624,12b6c1d2e9c41954ab7770643187a607,A,Accepted,7744,312,1407 B,2018/5/16 18:39
6623,0d80656d1077c3cc4bc9067182c86bbc,F,Accepted,13260,2164,2018 B,2018/5/16 18:10
6622,0d80656d1077c3cc4bc9067182c86bbc,F,Time Limit Exceed,16348,3000,2019 B,2018/5/16 18:06
6621,18d5f25dcfbf7d3fb351432e5f43b71c,D,*Accepted5712(100%),8284,308,1849 B,2018/5/16 18:04
6620,0d80656d1077c3cc4bc9067182c86bbc,F,Time Limit Exceed,15224,3000,2014 B,2018/5/16 18:02
6619,bcc9cc0c8889a34e9bcf5afaaed0e07a,E,Wrong Answer,8260,280,3918 B,2018/5/16 17:54
6618,18d5f25dcfbf7d3fb351432e5f43b71c,B,Accepted,16492,2172,1121 B,2018/5/16 17:30
6617,bcc9cc0c8889a34e9bcf5afaaed0e07a,E,Runtime Error,7644,280,3801 B,2018/5/16 17:30
6616,18d5f25dcfbf7d3fb351432e5f43b71c,C,*Accepted5678(96%),8296,1572,1148 B,2018/5/16 17:12
6615,18d5f25dcfbf7d3fb351432e5f43b71c,C,Compile Error,0,0,2736 B,2018/5/16 17:00
6614,212e5e48e1f4969b56cd22bd9a9c0c6e,F,Accepted,14484,2188,2886 B,2018/5/16 16:54
6613,12f408e22e0685da8672a7f8aac22fca,F,Accepted,13720,2064,1991 B,2018/5/16 16:53
6612,212e5e48e1f4969b56cd22bd9a9c0c6e,F,Wrong Answer,14144,480,2878 B,2018/5/16 16:52
6604,200de64788e554264a138265186a0072,D,Accepted,8532,304,1921 B,2018/5/16 16:48
6600,12b6c1d2e9c41954ab7770643187a607,C,Accepted,8276,1628,603 B,2018/5/16 16:38
6599,12296ba3e03a762493c3fe4ac0b58278,E,Accepted,8292,1080,4188 B,2018/5/16 16:31
6598,44afc80df0c0f209841afdcd2525d096,E,Accepted,8272,836,2787 B,2018/5/16 16:27
6597,12b6c1d2e9c41954ab7770643187a607,C,Runtime Error,7344,136,528 B,2018/5/16 16:26
6596,44afc80df0c0f209841afdcd2525d096,E,Runtime Error,8248,680,2783 B,2018/5/16 16:24
6595,212e5e48e1f4969b56cd22bd9a9c0c6e,F,Time Limit Exceed,13916,2000,2797 B,2018/5/16 16:20
6594,12b6c1d2e9c41954ab7770643187a607,B,Accepted,15496,2248,759 B,2018/5/16 16:16
6593,212e5e48e1f4969b56cd22bd9a9c0c6e,F,Time Limit Exceed,13976,2000,2456 B,2018/5/16 16:11
6592,212e5e48e1f4969b56cd22bd9a9c0c6e,F,Time Limit Exceed,14068,2000,2456 B,2018/5/16 16:10
6591,212e5e48e1f4969b56cd22bd9a9c0c6e,F,Wrong Answer,13892,432,2454 B,2018/5/16 16:06
6590,12f408e22e0685da8672a7f8aac22fca,E,Accepted,8304,884,2058 B,2018/5/16 16:05
6589,18d5f25dcfbf7d3fb351432e5f43b71c,C,Wrong Answer,7728,148,524 B,2018/5/16 15:23
6588,0d80656d1077c3cc4bc9067182c86bbc,E,Accepted,7668,864,1902 B,2018/5/16 15:21
6585,0d80656d1077c3cc4bc9067182c86bbc,E,Wrong Answer,8240,280,1911 B,2018/5/16 15:07
6584,50df31414b2239d83af808434616afb5,G,Accepted,8808,3072,1029 B,2018/5/16 15:06
6583,50df31414b2239d83af808434616afb5,G,Wrong Answer,8100,296,1030 B,2018/5/16 15:04
6582,50df31414b2239d83af808434616afb5,G,Runtime Error,6656,108,1048 B,2018/5/16 15:02
6581,0d80656d1077c3cc4bc9067182c86bbc,E,Wrong Answer,7420,264,1803 B,2018/5/16 15:01
6580,312b0a002d423b6c24b9bdaa932ac419,G,Wrong Answer,10480,348,564 B,2018/5/16 15:01
6579,312b0a002d423b6c24b9bdaa932ac419,G,Wrong Answer,9172,372,564 B,2018/5/16 15:00
6578,0d80656d1077c3cc4bc9067182c86bbc,E,Wrong Answer,8272,304,1924 B,2018/5/16 14:53
6577,0d80656d1077c3cc4bc9067182c86bbc,E,Wrong Answer,8212,148,1933 B,2018/5/16 14:40
6576,212e5e48e1f4969b56cd22bd9a9c0c6e,F,Wrong Answer,14156,940,2465 B,2018/5/16 14:11
6569,212e5e48e1f4969b56cd22bd9a9c0c6e,F,Wrong Answer,13208,996,2457 B,2018/5/16 13:30
6554,fd695518057568470195296a11128cfa,D,Accepted,7700,280,1022 B,2018/5/16 11:40
6553,fd695518057568470195296a11128cfa,C,*Accepted5694(98%),8344,1532,813 B,2018/5/16 11:37
6552,fd695518057568470195296a11128cfa,B,Accepted,15892,2152,652 B,2018/5/16 11:35
6551,fd695518057568470195296a11128cfa,A,Accepted,8252,276,1029 B,2018/5/16 11:32
6550,fd695518057568470195296a11128cfa,A,Compile Error,0,0,1029 B,2018/5/16 11:31
6549,fd695518057568470195296a11128cfa,A,Compile Error,0,0,1029 B,2018/5/16 11:30
6548,65f94df2c54451d14fdf4fe3d5d8eeb6,D,Wrong Answer,7756,276,1211 B,2018/5/16 11:27
6547,18d5f25dcfbf7d3fb351432e5f43b71c,A,Accepted,8264,272,1471 B,2018/5/16 11:17
6546,65f94df2c54451d14fdf4fe3d5d8eeb6,D,Wrong Answer,7400,288,1131 B,2018/5/16 11:14
6544,9b307c918011d9bd353a84bd3946c692,C,Wrong Answer,7468,144,815 B,2018/5/16 11:00
6539,18d5f25dcfbf7d3fb351432e5f43b71c,A,Runtime Error,7356,132,1476 B,2018/5/16 10:42
6538,9b307c918011d9bd353a84bd3946c692,B,*Accepted5690(100%),15212,2192,651 B,2018/5/16 10:37
6537,9b307c918011d9bd353a84bd3946c692,A,*Accepted5669(100%),8228,276,1027 B,2018/5/16 10:36
6536,9b307c918011d9bd353a84bd3946c692,A,Compile Error,0,0,1066 B,2018/5/16 10:35
6535,9b307c918011d9bd353a84bd3946c692,A,Compile Error,0,0,1065 B,2018/5/16 10:35
6523,65f94df2c54451d14fdf4fe3d5d8eeb6,C,*Accepted5998(100%),8324,1532,578 B,2018/5/16 9:49
6519,44afc80df0c0f209841afdcd2525d096,E,Runtime Error,7420,136,2437 B,2018/5/16 1:13
6518,44afc80df0c0f209841afdcd2525d096,E,Runtime Error,8208,136,2443 B,2018/5/16 1:09
6517,12296ba3e03a762493c3fe4ac0b58278,E,Runtime Error,8264,672,3703 B,2018/5/16 0:56
6516,12296ba3e03a762493c3fe4ac0b58278,E,Runtime Error,8224,716,3677 B,2018/5/16 0:46
6515,12296ba3e03a762493c3fe4ac0b58278,E,Wrong Answer,8256,140,3714 B,2018/5/16 0:44
6514,44afc80df0c0f209841afdcd2525d096,E,Runtime Error,7272,136,2445 B,2018/5/16 0:44
6513,76e77986a8410443ddbe7fe901391930,F,Accepted,12476,1800,2499 B,2018/5/16 0:32
6512,76e77986a8410443ddbe7fe901391930,F,Time Limit Exceed,15556,2000,2500 B,2018/5/16 0:30
6511,12296ba3e03a762493c3fe4ac0b58278,E,Runtime Error,7708,692,3394 B,2018/5/16 0:26
6510,212e5e48e1f4969b56cd22bd9a9c0c6e,F,Runtime Error,13468,372,3411 B,2018/5/15 23:38
6509,d741a01876b3dd97120568deeec99ccf,C,Accepted,8288,1540,777 B,2018/5/15 23:21
6508,53fb8c32cec31be823bad8b019a8f1a2,G,*Accepted6337(100%),8496,3628,668 B,2018/5/15 22:55
6507,53fb8c32cec31be823bad8b019a8f1a2,G,Wrong Answer,8708,2128,735 B,2018/5/15 22:54
6506,200de64788e554264a138265186a0072,C,Accepted,8312,1688,551 B,2018/5/15 22:52
6505,53fb8c32cec31be823bad8b019a8f1a2,G,Wrong Answer,8396,2136,735 B,2018/5/15 22:51
6504,53fb8c32cec31be823bad8b019a8f1a2,G,Wrong Answer,8444,2104,759 B,2018/5/15 22:51
6503,53fb8c32cec31be823bad8b019a8f1a2,G,Runtime Error,7908,160,758 B,2018/5/15 22:50
6502,53fb8c32cec31be823bad8b019a8f1a2,G,Wrong Answer,8536,2128,759 B,2018/5/15 22:49
6501,53fb8c32cec31be823bad8b019a8f1a2,G,Time Limit Exceed,11308,4000,760 B,2018/5/15 22:48
6500,53fb8c32cec31be823bad8b019a8f1a2,G,Wrong Answer,9976,2808,759 B,2018/5/15 22:46
6499,eba501c4f104b954c1f468373bac7fbd,G,Wrong Answer,8004,216,1021 B,2018/5/15 22:45
6498,53fb8c32cec31be823bad8b019a8f1a2,G,Wrong Answer,11292,2776,753 B,2018/5/15 22:45
6497,eba501c4f104b954c1f468373bac7fbd,E,Wrong Answer,7444,132,211 B,2018/5/15 22:43
6496,eba501c4f104b954c1f468373bac7fbd,D,*Accepted5852(100%),7716,272,1459 B,2018/5/15 22:40
6495,eba501c4f104b954c1f468373bac7fbd,C,*Accepted5685(100%),8256,1528,490 B,2018/5/15 22:38
6494,eba501c4f104b954c1f468373bac7fbd,C,Compile Error,0,0,489 B,2018/5/15 22:36
6493,eba501c4f104b954c1f468373bac7fbd,B,*Accepted5673(100%),15144,2192,765 B,2018/5/15 22:35
6492,eba501c4f104b954c1f468373bac7fbd,A,*Accepted5671(99%),8320,276,1749 B,2018/5/15 22:32
6491,eba501c4f104b954c1f468373bac7fbd,A,Compile Error,0,0,1746 B,2018/5/15 22:30
6490,85db69dd5f62e8848f011a889e2e6b92,G,Wrong Answer,8668,1848,763 B,2018/5/15 22:07
6489,12296ba3e03a762493c3fe4ac0b58278,G,Accepted,8620,3764,704 B,2018/5/15 21:28
6488,200de64788e554264a138265186a0072,D,Wrong Answer,8276,284,1921 B,2018/5/15 21:22
6487,578e6cb2865f1056088aae3d57430739,C,Accepted,8320,1588,533 B,2018/5/15 21:18
6486,578e6cb2865f1056088aae3d57430739,C,Compile Error,0,0,550 B,2018/5/15 21:17
6485,85db69dd5f62e8848f011a889e2e6b92,G,Time Limit Exceed,10688,4000,752 B,2018/5/15 21:12
6484,25f9e794323b453885f5181f1b624d0b,G,Compile Error,0,0,1232 B,2018/5/15 21:04
6482,82ac84fd02c73a224a067c96892e54c2,C,Runtime Error,7348,136,695 B,2018/5/15 20:47
6479,82ac84fd02c73a224a067c96892e54c2,C,Runtime Error,7384,132,665 B,2018/5/15 20:34
6477,578e6cb2865f1056088aae3d57430739,C,Runtime Error,7360,148,430 B,2018/5/15 20:08
6473,b17782be90ec2190dfaf89d54bebe498,G,Compile Error,0,0,734 B,2018/5/15 19:41
6470,b7985f3352b1cc58833876858fe14d93,G,Accepted,10276,3184,1519 B,2018/5/15 19:08
6469,96be950cb442c8a12fc9ccf4b33046da,G,Accepted,8600,3472,980 B,2018/5/15 19:03
6468,d741a01876b3dd97120568deeec99ccf,C,Runtime Error,7400,152,639 B,2018/5/15 18:56
6467,d741a01876b3dd97120568deeec99ccf,C,Runtime Error,7356,156,640 B,2018/5/15 18:54
6466,d741a01876b3dd97120568deeec99ccf,C,Runtime Error,7384,140,667 B,2018/5/15 18:53
6465,bcc9cc0c8889a34e9bcf5afaaed0e07a,E,Runtime Error,8296,296,3716 B,2018/5/15 18:42
6464,7fe2bf9734f8c953aed1a8fecffec296,G,Accepted,12948,3596,584 B,2018/5/15 18:41
6463,a1ac35aa7e343604bdf05b7558e5d2b2,A,Accepted,8272,320,1281 B,2018/5/15 18:34
6462,bcc9cc0c8889a34e9bcf5afaaed0e07a,E,Runtime Error,7388,280,3544 B,2018/5/15 18:31
6461,bcc9cc0c8889a34e9bcf5afaaed0e07a,E,Runtime Error,8260,284,3524 B,2018/5/15 18:24
6460,212e5e48e1f4969b56cd22bd9a9c0c6e,G,Accepted,8664,2244,1139 B,2018/5/15 18:24
6459,bcc9cc0c8889a34e9bcf5afaaed0e07a,E,Runtime Error,8196,276,3524 B,2018/5/15 18:21
6458,96be950cb442c8a12fc9ccf4b33046da,G,Time Limit Exceed,8500,4000,1101 B,2018/5/15 18:13
6457,96be950cb442c8a12fc9ccf4b33046da,G,Compile Error,0,0,1102 B,2018/5/15 18:13
6456,96be950cb442c8a12fc9ccf4b33046da,G,Wrong Answer,8516,296,1100 B,2018/5/15 18:11
6455,212e5e48e1f4969b56cd22bd9a9c0c6e,G,Time Limit Exceed,16616,4000,680 B,2018/5/15 17:51
6454,d741a01876b3dd97120568deeec99ccf,B,Accepted,16508,2040,821 B,2018/5/15 17:39
6453,212e5e48e1f4969b56cd22bd9a9c0c6e,G,Time Limit Exceed,22376,4000,579 B,2018/5/15 17:37
6452,96be950cb442c8a12fc9ccf4b33046da,G,Time Limit Exceed,11716,4000,1120 B,2018/5/15 17:34
6451,d741a01876b3dd97120568deeec99ccf,B,Wrong Answer,7956,136,832 B,2018/5/15 17:33
6450,212e5e48e1f4969b56cd22bd9a9c0c6e,G,Wrong Answer,8952,184,753 B,2018/5/15 17:29
6449,96be950cb442c8a12fc9ccf4b33046da,G,Time Limit Exceed,10712,4000,783 B,2018/5/15 17:23
6448,96be950cb442c8a12fc9ccf4b33046da,G,Wrong Answer,8632,184,779 B,2018/5/15 17:19
6447,12296ba3e03a762493c3fe4ac0b58278,G,Wrong Answer,7664,432,1085 B,2018/5/15 17:13
6446,12296ba3e03a762493c3fe4ac0b58278,G,Wrong Answer,7684,632,1084 B,2018/5/15 17:12
6445,12296ba3e03a762493c3fe4ac0b58278,G,Wrong Answer,8472,444,1009 B,2018/5/15 17:10
6444,2fe19e8105890ade74ef57fd227da2fa,G,*Accepted6443(100%),8520,2652,977 B,2018/5/15 17:09
6443,76e77986a8410443ddbe7fe901391930,G,Accepted,8708,2368,977 B,2018/5/15 17:08
6442,82ac84fd02c73a224a067c96892e54c2,C,Runtime Error,7336,148,628 B,2018/5/15 17:00
6441,76e77986a8410443ddbe7fe901391930,G,Wrong Answer,8596,492,612 B,2018/5/15 16:59
6440,82ac84fd02c73a224a067c96892e54c2,C,Runtime Error,7556,140,681 B,2018/5/15 16:59
6439,76e77986a8410443ddbe7fe901391930,G,Wrong Answer,8356,492,611 B,2018/5/15 16:56
6438,76e77986a8410443ddbe7fe901391930,G,Wrong Answer,8580,652,600 B,2018/5/15 16:56
6437,b7985f3352b1cc58833876858fe14d93,G,Time Limit Exceed,8308,4000,1047 B,2018/5/15 16:54
6436,76e77986a8410443ddbe7fe901391930,G,Wrong Answer,8400,564,600 B,2018/5/15 16:53
6435,65f94df2c54451d14fdf4fe3d5d8eeb6,C,Runtime Error,7396,140,465 B,2018/5/15 16:53
6434,76e77986a8410443ddbe7fe901391930,G,Wrong Answer,8360,580,580 B,2018/5/15 16:47
6433,82ac84fd02c73a224a067c96892e54c2,B,Accepted,15888,2304,769 B,2018/5/15 16:42
6431,212e5e48e1f4969b56cd22bd9a9c0c6e,G,Time Limit Exceed,21804,4000,537 B,2018/5/15 16:34
6428,b17782be90ec2190dfaf89d54bebe498,D,Accepted,8296,324,1243 B,2018/5/15 16:24
6427,76e77986a8410443ddbe7fe901391930,G,Wrong Answer,8352,200,638 B,2018/5/15 16:23
6426,76e77986a8410443ddbe7fe901391930,G,Wrong Answer,8512,204,637 B,2018/5/15 16:22
6425,b7985f3352b1cc58833876858fe14d93,G,Time Limit Exceed,8584,4000,1129 B,2018/5/15 16:13
6424,b7985f3352b1cc58833876858fe14d93,G,Time Limit Exceed,8540,4000,1931 B,2018/5/15 16:12
6423,212e5e48e1f4969b56cd22bd9a9c0c6e,G,Wrong Answer,8372,180,533 B,2018/5/15 15:56
6419,12296ba3e03a762493c3fe4ac0b58278,G,Wrong Answer,8752,468,1009 B,2018/5/15 15:26
6418,35b575ce654935f0170c70a5843e03da,F,Accepted,8732,1892,2562 B,2018/5/15 15:24
6417,12f408e22e0685da8672a7f8aac22fca,F,Time Limit Exceed,13216,2000,1978 B,2018/5/15 14:43
6414,53fb8c32cec31be823bad8b019a8f1a2,G,Wrong Answer,8860,524,841 B,2018/5/15 14:29
6413,12296ba3e03a762493c3fe4ac0b58278,G,Wrong Answer,7752,1256,1147 B,2018/5/15 14:26
6412,53fb8c32cec31be823bad8b019a8f1a2,G,Wrong Answer,10228,2948,860 B,2018/5/15 14:09
6411,82ac84fd02c73a224a067c96892e54c2,C,Wrong Answer,7760,144,3176 B,2018/5/15 14:04
6410,49f250b1007da3c54876456d36f8b054,F,Time Limit Exceed,22636,2000,5531 B,2018/5/15 14:00
6409,53fb8c32cec31be823bad8b019a8f1a2,G,Wrong Answer,10212,3004,877 B,2018/5/15 14:00
6408,82ac84fd02c73a224a067c96892e54c2,C,Wrong Answer,7708,148,1651 B,2018/5/15 13:59
6407,53fb8c32cec31be823bad8b019a8f1a2,G,Wrong Answer,8908,528,887 B,2018/5/15 13:56
6406,12f408e22e0685da8672a7f8aac22fca,F,Runtime Error,9704,184,1972 B,2018/5/15 13:53
6405,96be950cb442c8a12fc9ccf4b33046da,G,Time Limit Exceed,7832,4000,1153 B,2018/5/15 13:21
6395,35b575ce654935f0170c70a5843e03da,E,Accepted,8272,820,3884 B,2018/5/15 2:19
6394,76e77986a8410443ddbe7fe901391930,E,Accepted,8292,828,2995 B,2018/5/15 1:47
6393,12296ba3e03a762493c3fe4ac0b58278,G,Wrong Answer,7428,1208,1277 B,2018/5/15 0:22
6392,2fe19e8105890ade74ef57fd227da2fa,D,Accepted,8216,300,1069 B,2018/5/15 0:17
6391,2fe19e8105890ade74ef57fd227da2fa,D,Wrong Answer,8248,280,1032 B,2018/5/15 0:13
6390,12296ba3e03a762493c3fe4ac0b58278,G,Wrong Answer,7680,1200,897 B,2018/5/15 0:12
6389,2fe19e8105890ade74ef57fd227da2fa,D,Wrong Answer,7408,140,1032 B,2018/5/15 0:11
6388,578e6cb2865f1056088aae3d57430739,B,Accepted,15448,2104,620 B,2018/5/15 0:01
6387,12296ba3e03a762493c3fe4ac0b58278,D,Accepted,8288,292,1554 B,2018/5/14 23:44
6386,578e6cb2865f1056088aae3d57430739,A,Accepted,8276,284,1523 B,2018/5/14 23:43
6385,82ac84fd02c73a224a067c96892e54c2,A,Accepted,8016,312,1088 B,2018/5/14 23:32
6383,578e6cb2865f1056088aae3d57430739,A,Runtime Error,8248,144,1578 B,2018/5/14 23:26
6382,0d80656d1077c3cc4bc9067182c86bbc,G,Accepted,8740,2076,809 B,2018/5/14 23:25
6381,82ac84fd02c73a224a067c96892e54c2,A,Wrong Answer,8068,156,1022 B,2018/5/14 23:23
6380,2fe19e8105890ade74ef57fd227da2fa,C,Runtime Error,8304,136,488 B,2018/5/14 23:21
6378,212e5e48e1f4969b56cd22bd9a9c0c6e,G,Wrong Answer,7532,176,533 B,2018/5/14 23:18
6377,0d80656d1077c3cc4bc9067182c86bbc,G,Wrong Answer,8712,200,791 B,2018/5/14 23:12
6376,2fe19e8105890ade74ef57fd227da2fa,C,Accepted,8240,1536,516 B,2018/5/14 23:08
6375,aba1cd3b671be1918ce8923ddfa6c1b9,C,Accepted,8320,1544,513 B,2018/5/14 23:07
6374,0d80656d1077c3cc4bc9067182c86bbc,G,Wrong Answer,7596,192,764 B,2018/5/14 22:48
6373,96be950cb442c8a12fc9ccf4b33046da,G,Time Limit Exceed,8344,4000,1092 B,2018/5/14 22:48
6372,b17782be90ec2190dfaf89d54bebe498,D,Wrong Answer,7692,276,1286 B,2018/5/14 22:46
6371,b17782be90ec2190dfaf89d54bebe498,D,Runtime Error,7472,108,1321 B,2018/5/14 22:44
6370,2fe19e8105890ade74ef57fd227da2fa,B,Accepted,15848,2200,630 B,2018/5/14 22:43
6369,aba1cd3b671be1918ce8923ddfa6c1b9,B,Accepted,14972,2024,729 B,2018/5/14 22:39
6368,d741a01876b3dd97120568deeec99ccf,A,Accepted,8324,272,1024 B,2018/5/14 22:37
6367,d741a01876b3dd97120568deeec99ccf,A,Compile Error,0,0,1024 B,2018/5/14 22:37
6366,212e5e48e1f4969b56cd22bd9a9c0c6e,G,Wrong Answer,7600,188,531 B,2018/5/14 22:34
6365,2fe19e8105890ade74ef57fd227da2fa,A,Accepted,8280,280,815 B,2018/5/14 22:30
6364,2fe19e8105890ade74ef57fd227da2fa,A,Wrong Answer,7372,144,787 B,2018/5/14 22:29
6363,b17782be90ec2190dfaf89d54bebe498,D,Wrong Answer,8256,284,1314 B,2018/5/14 22:27
6362,0d80656d1077c3cc4bc9067182c86bbc,G,Wrong Answer,8456,192,877 B,2018/5/14 22:25
6361,c2643727f85009187ffd849ca5bfa7d1,D,*Accepted5815(100%),8252,288,1121 B,2018/5/14 22:23
6360,0d80656d1077c3cc4bc9067182c86bbc,G,Wrong Answer,8416,212,814 B,2018/5/14 22:22
6359,aba1cd3b671be1918ce8923ddfa6c1b9,A,*Accepted6023(100%),7460,284,944 B,2018/5/14 22:19
6358,0d80656d1077c3cc4bc9067182c86bbc,G,Wrong Answer,8656,196,782 B,2018/5/14 22:17
6357,c2643727f85009187ffd849ca5bfa7d1,D,Compile Error,0,0,1161 B,2018/5/14 22:17
6356,8ca7edfc418bc6bb4c4ab554b31a00f4,G,Accepted,10200,2548,1186 B,2018/5/14 22:16
6355,c2643727f85009187ffd849ca5bfa7d1,D,Compile Error,0,0,1187 B,2018/5/14 22:15
6354,b17782be90ec2190dfaf89d54bebe498,D,Wrong Answer,7724,276,1280 B,2018/5/14 22:11
6353,578e6cb2865f1056088aae3d57430739,A,Wrong Answer,8268,144,937 B,2018/5/14 22:04
6352,578e6cb2865f1056088aae3d57430739,A,Wrong Answer,8272,140,937 B,2018/5/14 22:04
6351,bcc9cc0c8889a34e9bcf5afaaed0e07a,G,Accepted,10144,3208,706 B,2018/5/14 22:01
6350,8ca7edfc418bc6bb4c4ab554b31a00f4,G,Wrong Answer,10152,1536,956 B,2018/5/14 22:01
6349,bcc9cc0c8889a34e9bcf5afaaed0e07a,G,Compile Error,0,0,685 B,2018/5/14 22:00
6348,8ca7edfc418bc6bb4c4ab554b31a00f4,G,Time Limit Exceed,10188,4000,937 B,2018/5/14 21:51
6347,96be950cb442c8a12fc9ccf4b33046da,G,Time Limit Exceed,7768,4000,1629 B,2018/5/14 21:47
6346,212e5e48e1f4969b56cd22bd9a9c0c6e,E,Accepted,8276,840,2074 B,2018/5/14 21:40
6345,49f250b1007da3c54876456d36f8b054,F,Time Limit Exceed,25992,2000,3831 B,2018/5/14 21:33
6344,49f250b1007da3c54876456d36f8b054,F,Output Limit Exceed,23128,3016,3954 B,2018/5/14 21:32
6343,f9e9fa8cfca0d84757eee5094bdad8bb,D,Accepted,7836,304,968 B,2018/5/14 21:31
6340,49f250b1007da3c54876456d36f8b054,F,Time Limit Exceed,24788,2000,3844 B,2018/5/14 21:07
6339,49f250b1007da3c54876456d36f8b054,F,Runtime Error,22072,1448,3838 B,2018/5/14 21:06
6337,6c3b8e9138887244642290a8306a8489,G,Accepted,8492,3744,783 B,2018/5/14 21:03
6336,f9e9fa8cfca0d84757eee5094bdad8bb,C,Accepted,8312,1556,608 B,2018/5/14 20:46
6335,e4a3ce2682d105f960b2017b69773a94,G,Accepted,8656,2184,683 B,2018/5/14 20:42
6334,e4a3ce2682d105f960b2017b69773a94,G,Wrong Answer,7600,168,1288 B,2018/5/14 20:36
6332,6c3b8e9138887244642290a8306a8489,G,Time Limit Exceed,10224,4000,694 B,2018/5/14 20:21
6331,6c3b8e9138887244642290a8306a8489,G,Time Limit Exceed,10140,4000,703 B,2018/5/14 20:13
6330,a26e296e95dd5f0f0616b556669d4fb7,G,Accepted,8400,3872,691 B,2018/5/14 20:09
6329,6c3b8e9138887244642290a8306a8489,G,Time Limit Exceed,10132,4000,704 B,2018/5/14 20:04
6328,f9e9fa8cfca0d84757eee5094bdad8bb,B,Accepted,12392,2136,812 B,2018/5/14 20:03
6327,f9e9fa8cfca0d84757eee5094bdad8bb,A,Accepted,8188,292,926 B,2018/5/14 20:02
6326,44afc80df0c0f209841afdcd2525d096,G,Accepted,8724,2208,816 B,2018/5/14 19:59
6325,a1ac35aa7e343604bdf05b7558e5d2b2,C,Accepted,8304,1736,486 B,2018/5/14 19:58
6324,44afc80df0c0f209841afdcd2525d096,G,Wrong Answer,7624,236,815 B,2018/5/14 19:57
6323,e4a3ce2682d105f960b2017b69773a94,G,Time Limit Exceed,21004,4000,582 B,2018/5/14 19:50
6322,e4a3ce2682d105f960b2017b69773a94,G,Time Limit Exceed,19132,4000,853 B,2018/5/14 19:43
6321,65f94df2c54451d14fdf4fe3d5d8eeb6,B,Accepted,16196,2164,625 B,2018/5/14 19:43
6320,a1ac35aa7e343604bdf05b7558e5d2b2,C,Wrong Answer,7400,144,1019 B,2018/5/14 19:38
6319,e4a3ce2682d105f960b2017b69773a94,G,Time Limit Exceed,24260,4000,667 B,2018/5/14 19:36
6318,e4a3ce2682d105f960b2017b69773a94,G,Wrong Answer,9464,172,710 B,2018/5/14 19:25
6317,e4a3ce2682d105f960b2017b69773a94,G,Runtime Error,7396,144,709 B,2018/5/14 19:24
6316,12f408e22e0685da8672a7f8aac22fca,G,Accepted,8628,3028,827 B,2018/5/14 19:24
6315,e4a3ce2682d105f960b2017b69773a94,G,Wrong Answer,7948,164,705 B,2018/5/14 19:23
6314,12f408e22e0685da8672a7f8aac22fca,G,Wrong Answer,8708,328,988 B,2018/5/14 19:22
6313,65f94df2c54451d14fdf4fe3d5d8eeb6,A,Accepted,8280,280,749 B,2018/5/14 19:15
6312,7fe2bf9734f8c953aed1a8fecffec296,G,Time Limit Exceed,37520,4000,933 B,2018/5/14 19:15
6311,0d80656d1077c3cc4bc9067182c86bbc,E,Runtime Error,8312,140,1921 B,2018/5/14 19:14
6310,65f94df2c54451d14fdf4fe3d5d8eeb6,A,Compile Error,0,0,761 B,2018/5/14 19:14
6309,7fe2bf9734f8c953aed1a8fecffec296,G,Compile Error,0,0,923 B,2018/5/14 19:14
6308,a1ac35aa7e343604bdf05b7558e5d2b2,C,Wrong Answer,7632,136,987 B,2018/5/14 19:05
6307,a1ac35aa7e343604bdf05b7558e5d2b2,C,Compile Error,0,0,703 B,2018/5/14 19:03
6306,7fe2bf9734f8c953aed1a8fecffec296,G,Time Limit Exceed,43384,4000,1037 B,2018/5/14 19:02
6305,7fe2bf9734f8c953aed1a8fecffec296,G,Wrong Answer,8684,216,1037 B,2018/5/14 18:59
6304,6c3b8e9138887244642290a8306a8489,G,Time Limit Exceed,10172,4000,505 B,2018/5/14 18:58
6303,6c3b8e9138887244642290a8306a8489,G,Memory Limit Exceed,589824,228,507 B,2018/5/14 18:52
6302,7fe2bf9734f8c953aed1a8fecffec296,G,Wrong Answer,9284,224,1037 B,2018/5/14 18:51
6301,12296ba3e03a762493c3fe4ac0b58278,C,Accepted,8352,1576,452 B,2018/5/14 18:48
6300,44afc80df0c0f209841afdcd2525d096,G,Time Limit Exceed,19288,4000,907 B,2018/5/14 18:43
6299,6c3b8e9138887244642290a8306a8489,G,Memory Limit Exceed,589824,192,700 B,2018/5/14 18:37
6298,7fe2bf9734f8c953aed1a8fecffec296,G,Wrong Answer,8708,224,1013 B,2018/5/14 18:26
6297,08eddabb828f7be3312e39b6b348fd7e,G,Accepted,10520,3320,588 B,2018/5/14 18:23
6296,96be950cb442c8a12fc9ccf4b33046da,G,Time Limit Exceed,7800,4000,1449 B,2018/5/14 18:03
6295,b994a56ad8c482202d51554560cbb723,D,Accepted,8248,296,1791 B,2018/5/14 18:03
6294,96be950cb442c8a12fc9ccf4b33046da,G,Compile Error,0,0,1444 B,2018/5/14 18:01
6293,96be950cb442c8a12fc9ccf4b33046da,G,Compile Error,0,0,1464 B,2018/5/14 18:01
6292,8ca7edfc418bc6bb4c4ab554b31a00f4,G,Wrong Answer,8824,184,935 B,2018/5/14 17:58
6291,49f250b1007da3c54876456d36f8b054,G,Accepted,10460,3480,1042 B,2018/5/14 17:57
6290,8ca7edfc418bc6bb4c4ab554b31a00f4,G,Wrong Answer,8788,168,934 B,2018/5/14 17:56
6289,1652a22d7e4a20212febc2168fff4b61,D,Accepted,8264,292,1103 B,2018/5/14 17:52
6288,8ca7edfc418bc6bb4c4ab554b31a00f4,G,Time Limit Exceed,17184,4000,844 B,2018/5/14 17:49
6287,8ca7edfc418bc6bb4c4ab554b31a00f4,G,Runtime Error,6648,116,856 B,2018/5/14 17:49
6286,1652a22d7e4a20212febc2168fff4b61,D,Wrong Answer,7412,280,1120 B,2018/5/14 17:47
6285,c2643727f85009187ffd849ca5bfa7d1,C,*Accepted5678(96%),8296,1544,652 B,2018/5/14 17:45
6284,53fb8c32cec31be823bad8b019a8f1a2,G,Wrong Answer,8380,180,916 B,2018/5/14 17:42
6283,53fb8c32cec31be823bad8b019a8f1a2,G,Wrong Answer,7476,184,917 B,2018/5/14 17:42
6282,53fb8c32cec31be823bad8b019a8f1a2,G,Wrong Answer,8316,196,917 B,2018/5/14 17:36
6281,bcc9cc0c8889a34e9bcf5afaaed0e07a,G,Time Limit Exceed,15548,4000,1002 B,2018/5/14 17:28
6280,212e5e48e1f4969b56cd22bd9a9c0c6e,E,Runtime Error,7328,140,1842 B,2018/5/14 17:27
6279,12296ba3e03a762493c3fe4ac0b58278,C,Runtime Error,7360,144,1469 B,2018/5/14 17:23
6278,53fb8c32cec31be823bad8b019a8f1a2,G,Time Limit Exceed,29824,4000,909 B,2018/5/14 17:18
6277,53fb8c32cec31be823bad8b019a8f1a2,G,Wrong Answer,8412,168,1076 B,2018/5/14 17:17
6276,96be950cb442c8a12fc9ccf4b33046da,G,Wrong Answer,8304,160,931 B,2018/5/14 17:10
6275,bcc9cc0c8889a34e9bcf5afaaed0e07a,G,Time Limit Exceed,10248,4000,875 B,2018/5/14 17:09
6274,35b575ce654935f0170c70a5843e03da,G,Accepted,10360,2988,1037 B,2018/5/14 17:08
6273,49f250b1007da3c54876456d36f8b054,G,Time Limit Exceed,10224,4000,1077 B,2018/5/14 17:07
6272,53fb8c32cec31be823bad8b019a8f1a2,G,Time Limit Exceed,21264,4000,814 B,2018/5/14 17:03
6271,49f250b1007da3c54876456d36f8b054,G,Wrong Answer,8780,2056,1079 B,2018/5/14 17:02
6270,96be950cb442c8a12fc9ccf4b33046da,G,Time Limit Exceed,8232,4000,910 B,2018/5/14 17:01
6269,35b575ce654935f0170c70a5843e03da,G,Time Limit Exceed,8652,4000,674 B,2018/5/14 16:56
6268,53fb8c32cec31be823bad8b019a8f1a2,G,Time Limit Exceed,20552,4000,814 B,2018/5/14 16:52
6267,53fb8c32cec31be823bad8b019a8f1a2,G,Time Limit Exceed,23652,4000,814 B,2018/5/14 16:51
6266,35b575ce654935f0170c70a5843e03da,G,Wrong Answer,8468,2468,672 B,2018/5/14 16:49
6265,35b575ce654935f0170c70a5843e03da,G,Wrong Answer,8636,2668,672 B,2018/5/14 16:45
6264,c2643727f85009187ffd849ca5bfa7d1,C,Runtime Error,8180,136,522 B,2018/5/14 16:44
6263,44afc80df0c0f209841afdcd2525d096,G,Time Limit Exceed,11028,4000,939 B,2018/5/14 16:41
6262,ec2df1d128d9ee0a7a583f349eb39b36,C,Accepted,8652,1676,2012 B,2018/5/14 16:38
6260,12296ba3e03a762493c3fe4ac0b58278,C,Runtime Error,8260,140,1407 B,2018/5/14 16:33
6259,8ca7edfc418bc6bb4c4ab554b31a00f4,G,Time Limit Exceed,19516,4000,929 B,2018/5/14 16:33
6258,c2643727f85009187ffd849ca5bfa7d1,C,Runtime Error,7648,136,525 B,2018/5/14 16:32
6257,c2643727f85009187ffd849ca5bfa7d1,C,Runtime Error,7484,108,542 B,2018/5/14 16:32
6256,c2643727f85009187ffd849ca5bfa7d1,C,Runtime Error,6708,116,542 B,2018/5/14 16:32
6255,c2643727f85009187ffd849ca5bfa7d1,C,Runtime Error,6644,128,542 B,2018/5/14 16:32
6254,35b575ce654935f0170c70a5843e03da,G,Wrong Answer,7532,296,671 B,2018/5/14 16:28
6253,8ca7edfc418bc6bb4c4ab554b31a00f4,G,Wrong Answer,8528,268,864 B,2018/5/14 16:27
6252,8ca7edfc418bc6bb4c4ab554b31a00f4,G,Time Limit Exceed,8576,4000,865 B,2018/5/14 16:24
6251,c2643727f85009187ffd849ca5bfa7d1,B,Accepted,17016,2256,1270 B,2018/5/14 16:18
6250,12296ba3e03a762493c3fe4ac0b58278,C,Runtime Error,7652,144,1107 B,2018/5/14 16:12
6249,49f250b1007da3c54876456d36f8b054,G,Time Limit Exceed,14144,4000,856 B,2018/5/14 16:07
6248,ec2df1d128d9ee0a7a583f349eb39b36,C,Wrong Answer,8284,160,1895 B,2018/5/14 16:02
6246,49f250b1007da3c54876456d36f8b054,G,Time Limit Exceed,12056,4000,906 B,2018/5/14 15:57
6245,ec2df1d128d9ee0a7a583f349eb39b36,C,Wrong Answer,8288,152,1800 B,2018/5/14 15:57
6244,49f250b1007da3c54876456d36f8b054,E,Accepted,8284,824,6949 B,2018/5/14 15:44
6243,736fcf550d3c98f84a8573fd7aba3fff,G,Accepted,12908,3460,792 B,2018/5/14 15:36
6235,12296ba3e03a762493c3fe4ac0b58278,B,Accepted,14332,2132,1247 B,2018/5/14 15:06
6234,49f250b1007da3c54876456d36f8b054,E,Runtime Error,7664,136,6679 B,2018/5/14 14:58
6233,bcc9cc0c8889a34e9bcf5afaaed0e07a,G,Time Limit Exceed,17084,4000,823 B,2018/5/14 14:52
6232,bcc9cc0c8889a34e9bcf5afaaed0e07a,G,Wrong Answer,8028,204,823 B,2018/5/14 14:40
6231,bcc9cc0c8889a34e9bcf5afaaed0e07a,G,Wrong Answer,7580,200,715 B,2018/5/14 14:19
6230,a26e296e95dd5f0f0616b556669d4fb7,G,Accepted,8612,3664,691 B,2018/5/14 14:08
6229,12296ba3e03a762493c3fe4ac0b58278,B,Wrong Answer,13740,460,1293 B,2018/5/14 13:58
6228,12296ba3e03a762493c3fe4ac0b58278,B,Wrong Answer,12812,500,1293 B,2018/5/14 13:57
6227,3dc3749735c46aa2ae316d63875b2d28,C,Runtime Error,7320,136,676 B,2018/5/14 13:47
6226,3dc3749735c46aa2ae316d63875b2d28,C,Runtime Error,7420,132,640 B,2018/5/14 13:46
6225,3dc3749735c46aa2ae316d63875b2d28,C,Runtime Error,8244,136,687 B,2018/5/14 13:23
6224,12296ba3e03a762493c3fe4ac0b58278,A,Accepted,7408,292,1070 B,2018/5/14 13:15
6222,3dc3749735c46aa2ae316d63875b2d28,C,Runtime Error,8184,140,585 B,2018/5/14 13:08
6218,c2643727f85009187ffd849ca5bfa7d1,A,*Accepted6217(100%),8248,308,836 B,2018/5/14 12:42
6215,35b575ce654935f0170c70a5843e03da,A,Accepted,7972,320,941 B,2018/5/14 12:32
6214,c2643727f85009187ffd849ca5bfa7d1,A,Runtime Error,8216,160,847 B,2018/5/14 12:26
6213,c2643727f85009187ffd849ca5bfa7d1,A,Compile Error,0,0,821 B,2018/5/14 12:24
6212,c2643727f85009187ffd849ca5bfa7d1,A,Runtime Error,7668,144,795 B,2018/5/14 12:23
6211,c2643727f85009187ffd849ca5bfa7d1,A,Compile Error,0,0,815 B,2018/5/14 12:23
6210,c2643727f85009187ffd849ca5bfa7d1,A,Runtime Error,7376,148,815 B,2018/5/14 12:22
6209,b2cb9740d61b75c03178f71983231f21,C,Accepted,8284,1548,509 B,2018/5/14 12:12
6208,35b575ce654935f0170c70a5843e03da,D,Accepted,7732,312,1681 B,2018/5/14 12:03
6207,35b575ce654935f0170c70a5843e03da,D,Wrong Answer,8272,272,1547 B,2018/5/14 11:43
6206,6c3b8e9138887244642290a8306a8489,E,Accepted,8260,820,7081 B,2018/5/14 11:30
6205,6c3b8e9138887244642290a8306a8489,E,Wrong Answer,7688,376,7177 B,2018/5/14 10:49
6204,7e053c643000b70864bce4f67e61b4b9,E,Runtime Error,7388,144,7337 B,2018/5/14 10:44
6203,7e053c643000b70864bce4f67e61b4b9,E,Compile Error,0,0,7367 B,2018/5/14 10:42
6202,6c3b8e9138887244642290a8306a8489,E,Wrong Answer,8276,264,7187 B,2018/5/14 9:35
6201,6c3b8e9138887244642290a8306a8489,E,Runtime Error,7708,280,7323 B,2018/5/14 9:17
6200,50df31414b2239d83af808434616afb5,D,*Accepted5712(100%),8264,276,1722 B,2018/5/14 8:47
6199,50df31414b2239d83af808434616afb5,D,Wrong Answer,7692,132,1884 B,2018/5/14 8:13
6198,76e77986a8410443ddbe7fe901391930,G,Accepted,13216,2624,1414 B,2018/5/14 7:20
6197,b994a56ad8c482202d51554560cbb723,C,Accepted,8296,1516,543 B,2018/5/14 7:05
6196,1652a22d7e4a20212febc2168fff4b61,C,Accepted,8320,1532,524 B,2018/5/14 2:17
6195,ec2df1d128d9ee0a7a583f349eb39b36,C,Wrong Answer,8512,140,1884 B,2018/5/14 1:58
6194,e4a3ce2682d105f960b2017b69773a94,D,Accepted,7396,280,2010 B,2018/5/14 1:57
6193,e4a3ce2682d105f960b2017b69773a94,D,Wrong Answer,8284,272,1950 B,2018/5/14 1:55
6192,ec2df1d128d9ee0a7a583f349eb39b36,C,Runtime Error,8264,136,550 B,2018/5/14 1:46
6191,1652a22d7e4a20212febc2168fff4b61,C,Runtime Error,7884,132,512 B,2018/5/14 1:38
6190,1652a22d7e4a20212febc2168fff4b61,C,Runtime Error,7328,136,512 B,2018/5/14 1:36
6189,44afc80df0c0f209841afdcd2525d096,G,Time Limit Exceed,11820,4000,1734 B,2018/5/14 1:35
6188,e4a3ce2682d105f960b2017b69773a94,D,Wrong Answer,8236,288,1977 B,2018/5/14 1:29
6187,35b575ce654935f0170c70a5843e03da,C,Accepted,8252,1540,537 B,2018/5/14 1:25
6186,e4a3ce2682d105f960b2017b69773a94,D,Wrong Answer,8236,136,1943 B,2018/5/14 1:14
6185,7e053c643000b70864bce4f67e61b4b9,E,Runtime Error,7404,136,4753 B,2018/5/14 1:14
6184,1652a22d7e4a20212febc2168fff4b61,B,Accepted,16008,2128,701 B,2018/5/14 1:11
6183,7e053c643000b70864bce4f67e61b4b9,E,Runtime Error,8216,144,5065 B,2018/5/14 1:08
6182,35b575ce654935f0170c70a5843e03da,C,Wrong Answer,7432,136,730 B,2018/5/14 1:05
6181,76e77986a8410443ddbe7fe901391930,G,Accepted,13208,2684,1382 B,2018/5/14 1:02
6180,44afc80df0c0f209841afdcd2525d096,G,Time Limit Exceed,10472,4000,1333 B,2018/5/14 1:00
6179,44afc80df0c0f209841afdcd2525d096,G,Wrong Answer,8576,184,1332 B,2018/5/14 0:58
6178,76e77986a8410443ddbe7fe901391930,G,Accepted,13172,2648,1247 B,2018/5/14 0:57
6177,76e77986a8410443ddbe7fe901391930,G,Wrong Answer,12172,260,1246 B,2018/5/14 0:55
6176,ec2df1d128d9ee0a7a583f349eb39b36,B,Accepted,19024,3044,1501 B,2018/5/14 0:49
6175,ec2df1d128d9ee0a7a583f349eb39b36,B,Wrong Answer,13672,496,1448 B,2018/5/14 0:44
6174,44afc80df0c0f209841afdcd2525d096,G,Wrong Answer,7668,148,2565 B,2018/5/14 0:41
6173,6c3b8e9138887244642290a8306a8489,E,Wrong Answer,7604,280,6327 B,2018/5/14 0:38
6172,1652a22d7e4a20212febc2168fff4b61,A,Accepted,8220,284,1021 B,2018/5/14 0:37
6171,35b575ce654935f0170c70a5843e03da,B,Accepted,14112,2068,714 B,2018/5/14 0:37
6170,76e77986a8410443ddbe7fe901391930,G,Wrong Answer,12172,248,1686 B,2018/5/14 0:33
6169,e4a3ce2682d105f960b2017b69773a94,D,Time Limit Exceed,13640,2000,1747 B,2018/5/14 0:32
6168,76e77986a8410443ddbe7fe901391930,G,Compile Error,0,0,1665 B,2018/5/14 0:31
6167,6c3b8e9138887244642290a8306a8489,E,Compile Error,0,0,6338 B,2018/5/14 0:26
6166,e4a3ce2682d105f960b2017b69773a94,D,Time Limit Exceed,12772,2000,1746 B,2018/5/14 0:23
6165,e4a3ce2682d105f960b2017b69773a94,D,Time Limit Exceed,13672,2000,1744 B,2018/5/14 0:16
6164,e4a3ce2682d105f960b2017b69773a94,D,Time Limit Exceed,16400,2000,1744 B,2018/5/14 0:12
6163,e4a3ce2682d105f960b2017b69773a94,D,Time Limit Exceed,12776,2000,1744 B,2018/5/14 0:12
6162,44afc80df0c0f209841afdcd2525d096,G,Time Limit Exceed,13704,4000,1324 B,2018/5/14 0:09
6161,44afc80df0c0f209841afdcd2525d096,G,Time Limit Exceed,15788,4000,1338 B,2018/5/14 0:06
6160,200de64788e554264a138265186a0072,D,Wrong Answer,8540,276,1918 B,2018/5/14 0:00
6159,200de64788e554264a138265186a0072,D,Wrong Answer,7904,284,1927 B,2018/5/13 23:51
6158,57770db7f903e6f55d219ca9db583756,B,Wrong Answer,13896,512,1289 B,2018/5/13 23:50
6157,44afc80df0c0f209841afdcd2525d096,G,Time Limit Exceed,25028,4000,1104 B,2018/5/13 23:50
6156,44afc80df0c0f209841afdcd2525d096,G,Time Limit Exceed,17264,4000,1137 B,2018/5/13 23:46
6155,44afc80df0c0f209841afdcd2525d096,G,Wrong Answer,8032,188,1136 B,2018/5/13 23:43
6154,200de64788e554264a138265186a0072,D,Wrong Answer,7968,272,1880 B,2018/5/13 23:38
6152,57770db7f903e6f55d219ca9db583756,B,Wrong Answer,13460,512,1291 B,2018/5/13 23:36
6151,b17782be90ec2190dfaf89d54bebe498,D,Wrong Answer,7356,276,1307 B,2018/5/13 23:35
6150,57770db7f903e6f55d219ca9db583756,B,Wrong Answer,13588,504,1314 B,2018/5/13 23:34
6149,50df31414b2239d83af808434616afb5,C,Accepted,7728,1520,683 B,2018/5/13 23:34
6148,ec2df1d128d9ee0a7a583f349eb39b36,A,Accepted,7716,276,1261 B,2018/5/13 23:29
6147,50df31414b2239d83af808434616afb5,C,Wrong Answer,7428,144,666 B,2018/5/13 23:26
6145,b17782be90ec2190dfaf89d54bebe498,D,Wrong Answer,8260,284,1315 B,2018/5/13 23:23
6144,b956a69d213d9a0aabf74b4785c2446f,D,Accepted,7688,284,1009 B,2018/5/13 23:23
6141,57770db7f903e6f55d219ca9db583756,B,Wrong Answer,12644,532,1286 B,2018/5/13 23:17
6140,b956a69d213d9a0aabf74b4785c2446f,D,Wrong Answer,7700,276,971 B,2018/5/13 23:16
6139,e4a3ce2682d105f960b2017b69773a94,D,Wrong Answer,8264,272,2116 B,2018/5/13 23:11
6138,d754321a5422d303136c3966fe0b3688,G,Time Limit Exceed,10152,4000,573 B,2018/5/13 23:03
6137,b17782be90ec2190dfaf89d54bebe498,D,Wrong Answer,7692,292,1305 B,2018/5/13 23:00
6136,50df31414b2239d83af808434616afb5,A,Accepted,7436,272,758 B,2018/5/13 22:58
6135,57770db7f903e6f55d219ca9db583756,B,Wrong Answer,13472,504,1286 B,2018/5/13 22:57
6134,200de64788e554264a138265186a0072,D,Wrong Answer,7424,276,1584 B,2018/5/13 22:42
6133,200de64788e554264a138265186a0072,D,Wrong Answer,8264,288,1587 B,2018/5/13 22:39
6132,d754321a5422d303136c3966fe0b3688,G,Runtime Error,6668,104,511 B,2018/5/13 22:37
6131,caef61cc3a29d513090a61d00707bbe4,G,Time Limit Exceed,23908,4000,737 B,2018/5/13 22:26
6130,caef61cc3a29d513090a61d00707bbe4,G,Wrong Answer,8496,164,763 B,2018/5/13 22:26
6129,d754321a5422d303136c3966fe0b3688,D,Accepted,8300,276,2188 B,2018/5/13 22:19
6128,44afc80df0c0f209841afdcd2525d096,D,Accepted,8244,288,1596 B,2018/5/13 22:08
6127,57770db7f903e6f55d219ca9db583756,A,Accepted,7368,272,772 B,2018/5/13 22:06
6126,76e77986a8410443ddbe7fe901391930,G,Output Limit Exceed,12856,2160,1715 B,2018/5/13 22:01
6125,76e77986a8410443ddbe7fe901391930,G,Wrong Answer,13828,1660,1682 B,2018/5/13 21:58
6124,76e77986a8410443ddbe7fe901391930,D,Accepted,7392,280,959 B,2018/5/13 21:58
6123,50df31414b2239d83af808434616afb5,B,*Accepted5739(98%),17536,2124,1090 B,2018/5/13 21:50
6122,d754321a5422d303136c3966fe0b3688,D,*Accepted5712(99%),7384,276,1657 B,2018/5/13 21:41
6121,e4a3ce2682d105f960b2017b69773a94,D,Wrong Answer,7380,288,1790 B,2018/5/13 21:37
6120,f9e9fa8cfca0d84757eee5094bdad8bb,F,Accepted,9092,1868,1800 B,2018/5/13 21:29
6119,f9e9fa8cfca0d84757eee5094bdad8bb,G,Accepted,10364,2328,880 B,2018/5/13 21:28
6118,e4a3ce2682d105f960b2017b69773a94,D,Wrong Answer,8264,272,1633 B,2018/5/13 21:24
6117,85db69dd5f62e8848f011a889e2e6b92,G,Memory Limit Exceed,589824,248,681 B,2018/5/13 21:21
6116,f9e9fa8cfca0d84757eee5094bdad8bb,G,Time Limit Exceed,10308,4000,912 B,2018/5/13 21:18
6115,f9e9fa8cfca0d84757eee5094bdad8bb,G,Time Limit Exceed,31348,4000,992 B,2018/5/13 21:13
6114,96be950cb442c8a12fc9ccf4b33046da,C,Wrong Answer,7676,140,503 B,2018/5/13 21:11
6113,e4a3ce2682d105f960b2017b69773a94,D,Wrong Answer,7380,264,1661 B,2018/5/13 21:10
6112,44afc80df0c0f209841afdcd2525d096,D,Wrong Answer,7736,144,1507 B,2018/5/13 21:09
6111,f9e9fa8cfca0d84757eee5094bdad8bb,G,Wrong Answer,10268,228,985 B,2018/5/13 21:09
6110,f9e9fa8cfca0d84757eee5094bdad8bb,G,Runtime Error,8016,164,980 B,2018/5/13 21:08
6109,f9e9fa8cfca0d84757eee5094bdad8bb,G,Runtime Error,7408,164,868 B,2018/5/13 21:02
6108,44afc80df0c0f209841afdcd2525d096,D,Wrong Answer,7396,136,1402 B,2018/5/13 21:01
6107,e74c2aa62863d8f31df183c626dbceee,D,*Accepted5994(100%),8256,264,1081 B,2018/5/13 20:58
6106,85db69dd5f62e8848f011a889e2e6b92,G,Wrong Answer,8028,224,693 B,2018/5/13 20:58
6105,96be950cb442c8a12fc9ccf4b33046da,D,Accepted,7772,280,1563 B,2018/5/13 20:56
6104,3dc3749735c46aa2ae316d63875b2d28,A,Accepted,8292,292,1301 B,2018/5/13 20:49
6103,b17782be90ec2190dfaf89d54bebe498,D,Wrong Answer,7720,280,1305 B,2018/5/13 20:42
6102,85db69dd5f62e8848f011a889e2e6b92,G,Runtime Error,7392,140,693 B,2018/5/13 20:40
6101,85db69dd5f62e8848f011a889e2e6b92,G,Wrong Answer,7608,228,694 B,2018/5/13 20:40
6100,212e5e48e1f4969b56cd22bd9a9c0c6e,D,Accepted,8244,268,1041 B,2018/5/13 20:39
6099,b17782be90ec2190dfaf89d54bebe498,D,Runtime Error,6700,104,1336 B,2018/5/13 20:39
6098,85db69dd5f62e8848f011a889e2e6b92,G,Wrong Answer,8388,216,707 B,2018/5/13 20:39
6097,85db69dd5f62e8848f011a889e2e6b92,G,Runtime Error,8536,148,706 B,2018/5/13 20:39
6096,b17782be90ec2190dfaf89d54bebe498,D,Wrong Answer,7400,268,1307 B,2018/5/13 20:36
6095,b17782be90ec2190dfaf89d54bebe498,D,Runtime Error,6628,108,1336 B,2018/5/13 20:33
6094,44afc80df0c0f209841afdcd2525d096,D,Wrong Answer,8216,276,903 B,2018/5/13 20:28
6093,85db69dd5f62e8848f011a889e2e6b92,G,Time Limit Exceed,8240,4000,554 B,2018/5/13 20:28
6092,85db69dd5f62e8848f011a889e2e6b92,G,Memory Limit Exceed,589824,228,557 B,2018/5/13 20:28
6091,85db69dd5f62e8848f011a889e2e6b92,G,Runtime Error,7420,704,553 B,2018/5/13 20:27
6090,e74c2aa62863d8f31df183c626dbceee,C,Accepted,8220,1492,440 B,2018/5/13 20:19
6089,96be950cb442c8a12fc9ccf4b33046da,D,Wrong Answer,8256,272,1551 B,2018/5/13 20:15
6088,96be950cb442c8a12fc9ccf4b33046da,D,Wrong Answer,8272,288,1515 B,2018/5/13 19:58
6087,44afc80df0c0f209841afdcd2525d096,C,*Accepted5733(96%),8288,1632,422 B,2018/5/13 19:57
6086,b956a69d213d9a0aabf74b4785c2446f,C,Accepted,8308,1636,486 B,2018/5/13 19:52
6085,e4a3ce2682d105f960b2017b69773a94,C,Accepted,8304,1672,573 B,2018/5/13 19:52
6084,312b0a002d423b6c24b9bdaa932ac419,D,Accepted,8252,276,1978 B,2018/5/13 19:50
6083,96be950cb442c8a12fc9ccf4b33046da,C,Accepted,8276,1524,514 B,2018/5/13 19:48
6082,96be950cb442c8a12fc9ccf4b33046da,C,Compile Error,0,0,525 B,2018/5/13 19:48
6081,85db69dd5f62e8848f011a889e2e6b92,G,Time Limit Exceed,8276,4000,509 B,2018/5/13 19:47
6080,312b0a002d423b6c24b9bdaa932ac419,D,Wrong Answer,7404,276,1980 B,2018/5/13 19:42
6079,e74c2aa62863d8f31df183c626dbceee,C,Runtime Error,7420,132,694 B,2018/5/13 19:37
6078,200de64788e554264a138265186a0072,D,Wrong Answer,8276,276,1205 B,2018/5/13 19:35
6077,3dc3749735c46aa2ae316d63875b2d28,A,Runtime Error,7784,140,1281 B,2018/5/13 19:34
6076,85db69dd5f62e8848f011a889e2e6b92,G,Time Limit Exceed,7332,4000,507 B,2018/5/13 19:31
6075,76e77986a8410443ddbe7fe901391930,D,Accepted,8256,288,959 B,2018/5/13 19:26
6074,e4a3ce2682d105f960b2017b69773a94,B,*Accepted5730(100%),16060,2212,658 B,2018/5/13 19:26
6073,76e77986a8410443ddbe7fe901391930,D,Wrong Answer,8200,292,906 B,2018/5/13 19:20
6072,85db69dd5f62e8848f011a889e2e6b92,G,Time Limit Exceed,7396,4000,491 B,2018/5/13 19:16
6071,96be950cb442c8a12fc9ccf4b33046da,D,Time Limit Exceed,38060,2000,1320 B,2018/5/13 19:14
6070,96be950cb442c8a12fc9ccf4b33046da,D,Wrong Answer,8628,292,1316 B,2018/5/13 19:14
6069,96be950cb442c8a12fc9ccf4b33046da,D,Time Limit Exceed,16464,2000,1318 B,2018/5/13 19:13
6068,96be950cb442c8a12fc9ccf4b33046da,D,Wrong Answer,7784,264,1312 B,2018/5/13 19:07
6067,3dc3749735c46aa2ae316d63875b2d28,A,Runtime Error,7752,144,1237 B,2018/5/13 19:05
6066,e74c2aa62863d8f31df183c626dbceee,B,Accepted,18348,2080,575 B,2018/5/13 19:04
6065,b7985f3352b1cc58833876858fe14d93,G,Wrong Answer,7680,1228,708 B,2018/5/13 19:02
6064,3dc3749735c46aa2ae316d63875b2d28,A,Runtime Error,8260,140,1255 B,2018/5/13 19:01
6063,96be950cb442c8a12fc9ccf4b33046da,C,Runtime Error,7628,144,399 B,2018/5/13 18:58
6062,3dc3749735c46aa2ae316d63875b2d28,A,Wrong Answer,8316,144,1220 B,2018/5/13 18:57
6061,96be950cb442c8a12fc9ccf4b33046da,C,Runtime Error,7624,136,398 B,2018/5/13 18:54
6060,44afc80df0c0f209841afdcd2525d096,C,Wrong Answer,8268,140,471 B,2018/5/13 18:52
6059,e4a3ce2682d105f960b2017b69773a94,B,Wrong Answer,12952,524,1209 B,2018/5/13 18:50
6058,96be950cb442c8a12fc9ccf4b33046da,C,Runtime Error,7632,136,398 B,2018/5/13 18:48
6057,44afc80df0c0f209841afdcd2525d096,C,Wrong Answer,7384,136,468 B,2018/5/13 18:47
6056,96be950cb442c8a12fc9ccf4b33046da,B,Accepted,19888,2920,998 B,2018/5/13 18:47
6055,96be950cb442c8a12fc9ccf4b33046da,B,Compile Error,0,0,1005 B,2018/5/13 18:47
6054,96be950cb442c8a12fc9ccf4b33046da,A,Accepted,7676,280,1024 B,2018/5/13 18:46
6053,3dc3749735c46aa2ae316d63875b2d28,B,Accepted,15060,2308,580 B,2018/5/13 18:45
6052,7fe2bf9734f8c953aed1a8fecffec296,G,Time Limit Exceed,38264,4000,1097 B,2018/5/13 18:31
6051,85db69dd5f62e8848f011a889e2e6b92,D,Accepted,7944,276,793 B,2018/5/13 18:27
6050,44afc80df0c0f209841afdcd2525d096,B,Accepted,14396,2124,672 B,2018/5/13 18:16
6049,a26e296e95dd5f0f0616b556669d4fb7,G,Time Limit Exceed,19036,4000,818 B,2018/5/13 18:09
6048,b956a69d213d9a0aabf74b4785c2446f,B,Accepted,15088,2196,786 B,2018/5/13 18:06
6047,e74c2aa62863d8f31df183c626dbceee,A,Accepted,8308,276,684 B,2018/5/13 18:04
6046,a26e296e95dd5f0f0616b556669d4fb7,G,Time Limit Exceed,15708,4000,834 B,2018/5/13 17:33
6045,44afc80df0c0f209841afdcd2525d096,B,Runtime Error,13572,496,697 B,2018/5/13 17:21
6044,b956a69d213d9a0aabf74b4785c2446f,B,Wrong Answer,7660,144,896 B,2018/5/13 17:09
6043,44afc80df0c0f209841afdcd2525d096,B,Runtime Error,12668,496,697 B,2018/5/13 17:07
6042,67c55ba813981e3eff59d6df1f50c4fe,A,Accepted,7944,272,1595 B,2018/5/13 16:58
6041,b956a69d213d9a0aabf74b4785c2446f,B,Wrong Answer,12504,512,967 B,2018/5/13 16:57
6040,a1ac35aa7e343604bdf05b7558e5d2b2,B,Accepted,15604,2300,618 B,2018/5/13 16:54
6039,44afc80df0c0f209841afdcd2525d096,A,Accepted,7736,360,843 B,2018/5/13 16:51
6038,b17782be90ec2190dfaf89d54bebe498,C,Accepted,8312,1584,432 B,2018/5/13 16:49
6037,b17782be90ec2190dfaf89d54bebe498,C,Runtime Error,7428,136,430 B,2018/5/13 16:48
6036,a26e296e95dd5f0f0616b556669d4fb7,G,Time Limit Exceed,18864,4000,837 B,2018/5/13 16:45
6035,a26e296e95dd5f0f0616b556669d4fb7,G,Wrong Answer,11208,500,1067 B,2018/5/13 16:40
6034,b956a69d213d9a0aabf74b4785c2446f,A,Accepted,8288,284,831 B,2018/5/13 16:38
6033,b956a69d213d9a0aabf74b4785c2446f,A,Accepted,7724,300,831 B,2018/5/13 16:38
6032,e4a3ce2682d105f960b2017b69773a94,B,Wrong Answer,8260,136,1098 B,2018/5/13 16:22
6031,e4a3ce2682d105f960b2017b69773a94,B,Wrong Answer,13040,476,1090 B,2018/5/13 16:20
6030,caef61cc3a29d513090a61d00707bbe4,G,Wrong Answer,8280,172,763 B,2018/5/13 16:10
6029,b7985f3352b1cc58833876858fe14d93,G,Time Limit Exceed,7756,4000,1531 B,2018/5/13 16:00
6028,7fe2bf9734f8c953aed1a8fecffec296,D,Accepted,7772,280,3459 B,2018/5/13 16:00
6027,7e053c643000b70864bce4f67e61b4b9,G,Wrong Answer,7812,160,1487 B,2018/5/13 15:59
6026,7fe2bf9734f8c953aed1a8fecffec296,D,Accepted,8244,276,2934 B,2018/5/13 15:58
6025,7fe2bf9734f8c953aed1a8fecffec296,D,Wrong Answer,7752,284,3020 B,2018/5/13 15:57
6024,7fe2bf9734f8c953aed1a8fecffec296,D,Compile Error,0,0,3030 B,2018/5/13 15:56
6023,e4a3ce2682d105f960b2017b69773a94,A,Accepted,8268,272,847 B,2018/5/13 15:53
6015,53fb8c32cec31be823bad8b019a8f1a2,D,Accepted,8256,288,1638 B,2018/5/13 15:26
6014,7e053c643000b70864bce4f67e61b4b9,G,Time Limit Exceed,10260,4000,1623 B,2018/5/13 15:19
6010,7fe2bf9734f8c953aed1a8fecffec296,D,Wrong Answer,8220,272,2691 B,2018/5/13 15:15
6009,53fb8c32cec31be823bad8b019a8f1a2,D,Wrong Answer,8236,276,1267 B,2018/5/13 15:10
6008,7fe2bf9734f8c953aed1a8fecffec296,D,Wrong Answer,8248,280,2233 B,2018/5/13 15:06
6007,7fe2bf9734f8c953aed1a8fecffec296,D,Presentation Error,7824,296,2234 B,2018/5/13 15:05
6006,76e77986a8410443ddbe7fe901391930,C,Accepted,8284,1560,445 B,2018/5/13 14:59
6005,53fb8c32cec31be823bad8b019a8f1a2,D,Wrong Answer,8296,300,1242 B,2018/5/13 14:58
6003,53fb8c32cec31be823bad8b019a8f1a2,D,Wrong Answer,8208,276,1164 B,2018/5/13 14:41
6002,18d5f25dcfbf7d3fb351432e5f43b71c,A,Runtime Error,7688,132,1484 B,2018/5/13 14:38
6000,53188c2e65b63ac682c177c4baa3296c,D,Accepted,8292,272,1414 B,2018/5/13 14:21
5999,53188c2e65b63ac682c177c4baa3296c,D,Wrong Answer,7712,276,1429 B,2018/5/13 14:17
5998,53fb8c32cec31be823bad8b019a8f1a2,C,Accepted,8256,1512,593 B,2018/5/13 14:14
5997,53188c2e65b63ac682c177c4baa3296c,D,Wrong Answer,7356,268,1427 B,2018/5/13 14:12
5996,7e053c643000b70864bce4f67e61b4b9,G,Time Limit Exceed,10300,4000,970 B,2018/5/13 14:10
5994,b7985f3352b1cc58833876858fe14d93,D,Accepted,8256,288,1494 B,2018/5/13 14:05
5992,0d80656d1077c3cc4bc9067182c86bbc,E,Runtime Error,7908,136,1911 B,2018/5/13 14:02
5991,7e053c643000b70864bce4f67e61b4b9,G,Wrong Answer,8524,340,1494 B,2018/5/13 13:59
5990,7e053c643000b70864bce4f67e61b4b9,G,Wrong Answer,8532,340,1482 B,2018/5/13 13:58
5988,0d80656d1077c3cc4bc9067182c86bbc,E,Runtime Error,8212,132,1901 B,2018/5/13 13:55
5987,7e053c643000b70864bce4f67e61b4b9,G,Time Limit Exceed,8540,4000,933 B,2018/5/13 13:48
5986,53fb8c32cec31be823bad8b019a8f1a2,C,Wrong Answer,7400,136,486 B,2018/5/13 13:48
5985,53fb8c32cec31be823bad8b019a8f1a2,C,Wrong Answer,7324,136,534 B,2018/5/13 13:45
5984,0d80656d1077c3cc4bc9067182c86bbc,E,Runtime Error,7380,132,1928 B,2018/5/13 13:41
5983,7e053c643000b70864bce4f67e61b4b9,G,Time Limit Exceed,19196,4000,2087 B,2018/5/13 13:41
5982,7e053c643000b70864bce4f67e61b4b9,G,Wrong Answer,8540,164,2085 B,2018/5/13 13:39
5980,c65b9e9d8f8951428629246008dd7622,D,Accepted,8268,268,1217 B,2018/5/13 13:35
5979,53fb8c32cec31be823bad8b019a8f1a2,C,Wrong Answer,8324,136,529 B,2018/5/13 13:32
5978,53fb8c32cec31be823bad8b019a8f1a2,C,Wrong Answer,8232,136,537 B,2018/5/13 13:26
5977,85db69dd5f62e8848f011a889e2e6b92,C,Accepted,8296,1536,463 B,2018/5/13 13:11
5976,85db69dd5f62e8848f011a889e2e6b92,C,Accepted,8268,1548,528 B,2018/5/13 13:11
5975,53fb8c32cec31be823bad8b019a8f1a2,B,Accepted,15708,3840,929 B,2018/5/13 13:08
5974,a26e296e95dd5f0f0616b556669d4fb7,G,Time Limit Exceed,17828,4000,1442 B,2018/5/13 13:07
5973,53fb8c32cec31be823bad8b019a8f1a2,B,Wrong Answer,8556,280,1091 B,2018/5/13 13:03
5972,a26e296e95dd5f0f0616b556669d4fb7,G,Time Limit Exceed,15796,4000,1455 B,2018/5/13 12:57
5971,7e053c643000b70864bce4f67e61b4b9,G,Memory Limit Exceed,589824,200,1179 B,2018/5/13 12:52
5970,200de64788e554264a138265186a0072,B,Accepted,15792,2716,1043 B,2018/5/13 12:46
5969,200de64788e554264a138265186a0072,B,Runtime Error,8268,288,1042 B,2018/5/13 12:36
5968,200de64788e554264a138265186a0072,B,Runtime Error,8240,280,1039 B,2018/5/13 12:35
5967,8ca7edfc418bc6bb4c4ab554b31a00f4,D,Accepted,7724,276,1202 B,2018/5/13 12:31
5966,b7985f3352b1cc58833876858fe14d93,C,Accepted,8288,1520,798 B,2018/5/13 12:28
5965,12f408e22e0685da8672a7f8aac22fca,G,Wrong Answer,8324,148,945 B,2018/5/13 12:28
5964,d754321a5422d303136c3966fe0b3688,C,Accepted,8308,1560,429 B,2018/5/13 12:26
5963,200de64788e554264a138265186a0072,B,Runtime Error,7360,136,1244 B,2018/5/13 12:25
5962,12f408e22e0685da8672a7f8aac22fca,G,Time Limit Exceed,11344,4000,1089 B,2018/5/13 12:14
5960,85db69dd5f62e8848f011a889e2e6b92,C,Compile Error,0,0,483 B,2018/5/13 12:12
5959,7e053c643000b70864bce4f67e61b4b9,G,Time Limit Exceed,11236,4000,901 B,2018/5/13 12:00
5958,d754321a5422d303136c3966fe0b3688,C,Wrong Answer,7676,140,379 B,2018/5/13 11:57
5957,7e053c643000b70864bce4f67e61b4b9,G,Wrong Answer,8540,196,898 B,2018/5/13 11:56
5954,53fb8c32cec31be823bad8b019a8f1a2,B,Time Limit Exceed,16168,6000,916 B,2018/5/13 11:36
5953,d754321a5422d303136c3966fe0b3688,C,Wrong Answer,7412,156,379 B,2018/5/13 11:35
5952,caef61cc3a29d513090a61d00707bbe4,B,Accepted,15176,2172,773 B,2018/5/13 11:24
5951,caef61cc3a29d513090a61d00707bbe4,B,Compile Error,0,0,830 B,2018/5/13 11:17
5948,53fb8c32cec31be823bad8b019a8f1a2,A,Accepted,8260,272,932 B,2018/5/13 11:11
5947,4a2ab745bb4634885277c79d622c4ae6,G,Time Limit Exceed,14076,4000,1192 B,2018/5/13 11:07
5946,53fb8c32cec31be823bad8b019a8f1a2,A,Wrong Answer,7372,132,937 B,2018/5/13 11:05
5945,53fb8c32cec31be823bad8b019a8f1a2,A,Compile Error,0,0,881 B,2018/5/13 11:04
5944,53fb8c32cec31be823bad8b019a8f1a2,A,Wrong Answer,7644,140,937 B,2018/5/13 10:54
5943,0d80656d1077c3cc4bc9067182c86bbc,C,Accepted,8380,1964,630 B,2018/5/13 10:44
5942,0d80656d1077c3cc4bc9067182c86bbc,C,Wrong Answer,8332,208,602 B,2018/5/13 10:38
5941,0d80656d1077c3cc4bc9067182c86bbc,C,Wrong Answer,8320,184,605 B,2018/5/13 10:33
5940,0d80656d1077c3cc4bc9067182c86bbc,C,Wrong Answer,8296,216,577 B,2018/5/13 10:29
5939,12f408e22e0685da8672a7f8aac22fca,C,Accepted,8336,1680,518 B,2018/5/13 10:01
5938,4a2ab745bb4634885277c79d622c4ae6,G,Time Limit Exceed,13824,4000,1293 B,2018/5/13 3:04
5937,08eddabb828f7be3312e39b6b348fd7e,G,Time Limit Exceed,13948,4000,1127 B,2018/5/13 2:42
5936,08eddabb828f7be3312e39b6b348fd7e,G,Wrong Answer,11508,2856,1261 B,2018/5/13 2:41
5935,b7985f3352b1cc58833876858fe14d93,C,Runtime Error,7380,144,691 B,2018/5/13 2:32
5934,b7985f3352b1cc58833876858fe14d93,B,Accepted,16712,2144,871 B,2018/5/13 2:07
5933,b7985f3352b1cc58833876858fe14d93,A,Accepted,7932,284,947 B,2018/5/13 1:51
5931,caef61cc3a29d513090a61d00707bbe4,D,Accepted,8312,364,2379 B,2018/5/13 0:54
5930,76e77986a8410443ddbe7fe901391930,C,Runtime Error,7388,160,389 B,2018/5/13 0:54
5929,76e77986a8410443ddbe7fe901391930,C,Runtime Error,7268,164,391 B,2018/5/13 0:53
5928,76e77986a8410443ddbe7fe901391930,C,Runtime Error,8204,160,383 B,2018/5/13 0:51
5927,caef61cc3a29d513090a61d00707bbe4,D,Wrong Answer,7712,328,2337 B,2018/5/13 0:50
5926,7e053c643000b70864bce4f67e61b4b9,G,Time Limit Exceed,8396,4000,812 B,2018/5/13 0:49
5925,4a2ab745bb4634885277c79d622c4ae6,G,Time Limit Exceed,15220,4000,1251 B,2018/5/13 0:34
5924,7e053c643000b70864bce4f67e61b4b9,G,Wrong Answer,7420,1712,771 B,2018/5/13 0:30
5923,76e77986a8410443ddbe7fe901391930,B,Accepted,16708,2800,1104 B,2018/5/13 0:23
5922,4a2ab745bb4634885277c79d622c4ae6,G,Time Limit Exceed,11700,4000,1195 B,2018/5/13 0:22
5919,08eddabb828f7be3312e39b6b348fd7e,G,Time Limit Exceed,12952,4000,1396 B,2018/5/13 0:12
5916,312b0a002d423b6c24b9bdaa932ac419,C,Accepted,8340,1728,430 B,2018/5/13 0:00
5914,200de64788e554264a138265186a0072,A,Accepted,7412,304,831 B,2018/5/12 23:55
5912,76e77986a8410443ddbe7fe901391930,B,Runtime Error,13116,536,736 B,2018/5/12 23:53
5910,d754321a5422d303136c3966fe0b3688,C,Runtime Error,7632,160,345 B,2018/5/12 23:48
5909,76e77986a8410443ddbe7fe901391930,B,Runtime Error,13780,564,721 B,2018/5/12 23:46
5908,d754321a5422d303136c3966fe0b3688,C,Runtime Error,7648,144,319 B,2018/5/12 23:46
5907,76e77986a8410443ddbe7fe901391930,B,Wrong Answer,13696,580,724 B,2018/5/12 23:35
5906,c65b9e9d8f8951428629246008dd7622,C,Accepted,8280,1636,638 B,2018/5/12 23:30
5905,85db69dd5f62e8848f011a889e2e6b92,C,Runtime Error,7408,144,422 B,2018/5/12 23:25
5904,85db69dd5f62e8848f011a889e2e6b92,C,Runtime Error,7360,140,422 B,2018/5/12 23:24
5903,7e053c643000b70864bce4f67e61b4b9,B,Accepted,14644,2200,814 B,2018/5/12 23:19
5901,76e77986a8410443ddbe7fe901391930,A,Accepted,8232,284,859 B,2018/5/12 23:16
5900,76e77986a8410443ddbe7fe901391930,A,Compile Error,0,0,865 B,2018/5/12 23:15
5899,caef61cc3a29d513090a61d00707bbe4,C,Accepted,8304,1680,862 B,2018/5/12 23:15
5898,76e77986a8410443ddbe7fe901391930,A,Compile Error,0,0,835 B,2018/5/12 23:12
5897,76e77986a8410443ddbe7fe901391930,A,Compile Error,0,0,842 B,2018/5/12 23:11
5894,d754321a5422d303136c3966fe0b3688,B,Accepted,15540,2224,612 B,2018/5/12 23:06
5893,d754321a5422d303136c3966fe0b3688,B,Compile Error,0,0,79 B,2018/5/12 23:05
5887,85db69dd5f62e8848f011a889e2e6b92,B,Accepted,15392,3240,1634 B,2018/5/12 22:55
5884,53188c2e65b63ac682c177c4baa3296c,C,Accepted,8304,1636,592 B,2018/5/12 22:41
5883,d754321a5422d303136c3966fe0b3688,A,Accepted,8296,276,691 B,2018/5/12 22:39
5882,caef61cc3a29d513090a61d00707bbe4,C,Runtime Error,7388,136,762 B,2018/5/12 22:36
5876,85db69dd5f62e8848f011a889e2e6b92,B,Runtime Error,7412,140,898 B,2018/5/12 22:26
5875,85db69dd5f62e8848f011a889e2e6b92,B,Runtime Error,7676,136,898 B,2018/5/12 22:26
5873,4a2ab745bb4634885277c79d622c4ae6,G,Runtime Error,6376,104,1879 B,2018/5/12 22:24
5872,53188c2e65b63ac682c177c4baa3296c,A,Accepted,7648,276,797 B,2018/5/12 22:22
5871,4a2ab745bb4634885277c79d622c4ae6,G,Time Limit Exceed,13516,4000,1002 B,2018/5/12 22:22
5870,85db69dd5f62e8848f011a889e2e6b92,B,Runtime Error,7444,140,897 B,2018/5/12 22:22
5868,85db69dd5f62e8848f011a889e2e6b92,B,Runtime Error,7716,140,992 B,2018/5/12 22:21
5867,85db69dd5f62e8848f011a889e2e6b92,B,Compile Error,0,0,1098 B,2018/5/12 22:19
5865,85db69dd5f62e8848f011a889e2e6b92,B,Runtime Error,15012,1552,960 B,2018/5/12 22:10
5862,85db69dd5f62e8848f011a889e2e6b92,B,Runtime Error,13536,488,760 B,2018/5/12 22:00
5859,85db69dd5f62e8848f011a889e2e6b92,B,Runtime Error,13132,504,760 B,2018/5/12 21:58
5857,b17782be90ec2190dfaf89d54bebe498,B,Accepted,15044,2148,704 B,2018/5/12 21:41
5854,85db69dd5f62e8848f011a889e2e6b92,A,Accepted,7416,276,820 B,2018/5/12 21:39
5853,85db69dd5f62e8848f011a889e2e6b92,A,Accepted,8276,268,820 B,2018/5/12 21:39
5852,a26e296e95dd5f0f0616b556669d4fb7,D,Accepted,8300,272,1460 B,2018/5/12 21:33
5850,caef61cc3a29d513090a61d00707bbe4,B,Wrong Answer,13540,488,676 B,2018/5/12 21:18
5848,6c3b8e9138887244642290a8306a8489,D,Accepted,8260,284,1266 B,2018/5/12 21:17
5846,53188c2e65b63ac682c177c4baa3296c,B,Accepted,15848,2116,612 B,2018/5/12 21:05
5845,b17782be90ec2190dfaf89d54bebe498,B,Runtime Error,7492,104,793 B,2018/5/12 21:03
5844,caef61cc3a29d513090a61d00707bbe4,B,Wrong Answer,13456,484,680 B,2018/5/12 21:02
5843,b17782be90ec2190dfaf89d54bebe498,B,Runtime Error,8224,140,762 B,2018/5/12 21:02
5841,b17782be90ec2190dfaf89d54bebe498,B,Runtime Error,6696,104,757 B,2018/5/12 20:54
5839,312b0a002d423b6c24b9bdaa932ac419,C,Wrong Answer,7732,140,394 B,2018/5/12 20:36
5838,12f408e22e0685da8672a7f8aac22fca,C,Wrong Answer,8284,340,535 B,2018/5/12 20:28
5837,caef61cc3a29d513090a61d00707bbe4,B,Time Limit Exceed,20308,6000,1039 B,2018/5/12 20:26
5836,b17782be90ec2190dfaf89d54bebe498,A,Accepted,8276,272,983 B,2018/5/12 20:24
5835,b17782be90ec2190dfaf89d54bebe498,A,Runtime Error,6640,104,1015 B,2018/5/12 20:15
5834,312b0a002d423b6c24b9bdaa932ac419,C,Runtime Error,8256,136,347 B,2018/5/12 20:14
5831,12f408e22e0685da8672a7f8aac22fca,G,Time Limit Exceed,7732,4000,743 B,2018/5/12 20:09
5830,6c3b8e9138887244642290a8306a8489,D,Accepted,7412,272,1254 B,2018/5/12 20:00
5829,12f408e22e0685da8672a7f8aac22fca,G,Output Limit Exceed,9200,1788,816 B,2018/5/12 19:59
5828,312b0a002d423b6c24b9bdaa932ac419,B,Accepted,15948,2164,571 B,2018/5/12 19:44
5827,7e053c643000b70864bce4f67e61b4b9,D,Accepted,8236,284,1137 B,2018/5/12 19:42
5826,7e053c643000b70864bce4f67e61b4b9,D,Wrong Answer,8292,288,1020 B,2018/5/12 19:38
5825,d754321a5422d303136c3966fe0b3688,G,Time Limit Exceed,10220,4000,554 B,2018/5/12 19:34
5824,12f408e22e0685da8672a7f8aac22fca,G,Output Limit Exceed,9792,5008,455 B,2018/5/12 19:33
5823,caef61cc3a29d513090a61d00707bbe4,A,Accepted,8256,276,662 B,2018/5/12 19:29
5822,312b0a002d423b6c24b9bdaa932ac419,A,Accepted,8244,272,913 B,2018/5/12 19:21
5818,6c3b8e9138887244642290a8306a8489,C,Accepted,8304,1536,486 B,2018/5/12 18:57
5817,7e053c643000b70864bce4f67e61b4b9,C,Accepted,7760,1568,499 B,2018/5/12 18:55
5816,a26e296e95dd5f0f0616b556669d4fb7,D,Wrong Answer,7380,284,2389 B,2018/5/12 18:54
5815,12f408e22e0685da8672a7f8aac22fca,D,Accepted,8272,284,1289 B,2018/5/12 18:53
5814,7e053c643000b70864bce4f67e61b4b9,C,Runtime Error,7288,132,413 B,2018/5/12 18:45
5813,12f408e22e0685da8672a7f8aac22fca,C,Wrong Answer,7736,136,2582 B,2018/5/12 18:42
5812,d754321a5422d303136c3966fe0b3688,G,Time Limit Exceed,9056,4000,538 B,2018/5/12 18:40
5811,7e053c643000b70864bce4f67e61b4b9,C,Runtime Error,8216,136,469 B,2018/5/12 18:38
5810,4a2ab745bb4634885277c79d622c4ae6,G,Time Limit Exceed,17996,4000,1854 B,2018/5/12 18:02
5809,4a2ab745bb4634885277c79d622c4ae6,G,Compile Error,0,0,1834 B,2018/5/12 18:02
5808,6c3b8e9138887244642290a8306a8489,C,Runtime Error,8268,136,520 B,2018/5/12 17:55
5807,4a2ab745bb4634885277c79d622c4ae6,G,Compile Error,0,0,1792 B,2018/5/12 17:55
5805,4a2ab745bb4634885277c79d622c4ae6,G,Compile Error,0,0,1828 B,2018/5/12 17:54
5804,08eddabb828f7be3312e39b6b348fd7e,G,Time Limit Exceed,10544,4000,1899 B,2018/5/12 17:39
5803,6c3b8e9138887244642290a8306a8489,C,Runtime Error,7904,148,397 B,2018/5/12 17:32
5802,0d80656d1077c3cc4bc9067182c86bbc,B,Accepted,15324,2128,537 B,2018/5/12 17:19
5801,d754321a5422d303136c3966fe0b3688,G,Wrong Answer,8252,148,259 B,2018/5/12 17:13
5800,d754321a5422d303136c3966fe0b3688,G,Wrong Answer,8256,140,227 B,2018/5/12 17:09
5799,6c3b8e9138887244642290a8306a8489,B,Accepted,15452,2104,627 B,2018/5/12 17:08
5798,a013801aea310ea794801003c54fc6ba,D,Accepted,7696,280,796 B,2018/5/12 17:04
5797,c65b9e9d8f8951428629246008dd7622,C,Runtime Error,8212,140,489 B,2018/5/12 16:59
5796,21232f297a57a5a743894a0e4a801fc3,G,Accepted,8648,3520,774 B,2018/5/12 16:59
5793,a013801aea310ea794801003c54fc6ba,D,Wrong Answer,8260,288,752 B,2018/5/12 16:59
5792,21232f297a57a5a743894a0e4a801fc3,G,Time Limit Exceed,8580,3000,774 B,2018/5/12 16:58
5791,d754321a5422d303136c3966fe0b3688,G,Time Limit Exceed,7380,3000,446 B,2018/5/12 16:55
5789,d754321a5422d303136c3966fe0b3688,G,Compile Error,0,0,441 B,2018/5/12 16:52
5783,12f408e22e0685da8672a7f8aac22fca,C,Wrong Answer,7888,136,2137 B,2018/5/12 16:42
5781,a013801aea310ea794801003c54fc6ba,C,Accepted,8300,1584,576 B,2018/5/12 16:41
5775,12f408e22e0685da8672a7f8aac22fca,B,Accepted,17604,2144,650 B,2018/5/12 16:34
5774,c65b9e9d8f8951428629246008dd7622,B,Accepted,15528,2204,1150 B,2018/5/12 16:30
5773,a013801aea310ea794801003c54fc6ba,C,Runtime Error,8244,140,452 B,2018/5/12 16:22
5770,a013801aea310ea794801003c54fc6ba,C,Runtime Error,8292,144,452 B,2018/5/12 16:21
5769,a013801aea310ea794801003c54fc6ba,C,Runtime Error,7380,144,454 B,2018/5/12 16:15
5768,a013801aea310ea794801003c54fc6ba,C,Runtime Error,7364,136,447 B,2018/5/12 16:10
5767,12f408e22e0685da8672a7f8aac22fca,A,Accepted,7724,292,863 B,2018/5/12 16:03
5766,7e053c643000b70864bce4f67e61b4b9,B,Wrong Answer,13088,524,881 B,2018/5/12 16:00
5765,6c3b8e9138887244642290a8306a8489,A,Accepted,8260,288,1078 B,2018/5/12 15:55
5764,a013801aea310ea794801003c54fc6ba,B,Accepted,14776,2476,638 B,2018/5/12 15:48
5763,7e053c643000b70864bce4f67e61b4b9,B,Wrong Answer,13572,520,889 B,2018/5/12 15:45
5762,a013801aea310ea794801003c54fc6ba,A,Accepted,7396,280,809 B,2018/5/12 15:28
5758,6c3b8e9138887244642290a8306a8489,A,Runtime Error,8248,140,954 B,2018/5/12 15:22
5757,0d80656d1077c3cc4bc9067182c86bbc,D,*Accepted5712(100%),7760,276,1077 B,2018/5/12 15:21
5756,7e053c643000b70864bce4f67e61b4b9,A,Accepted,8292,284,884 B,2018/5/12 15:02
5755,c65b9e9d8f8951428629246008dd7622,A,Accepted,8224,284,732 B,2018/5/12 14:42
5754,c65b9e9d8f8951428629246008dd7622,A,Runtime Error,8236,136,711 B,2018/5/12 14:33
5753,0d80656d1077c3cc4bc9067182c86bbc,A,Accepted,7724,280,1157 B,2018/5/12 14:22
5752,0d80656d1077c3cc4bc9067182c86bbc,G,Compile Error,0,0,725 B,2018/5/12 14:14
5751,08eddabb828f7be3312e39b6b348fd7e,D,Accepted,7712,288,3408 B,2018/5/12 14:10
5750,4a2ab745bb4634885277c79d622c4ae6,D,Accepted,7472,284,3126 B,2018/5/12 14:02
5748,7fe2bf9734f8c953aed1a8fecffec296,C,Accepted,8340,1544,627 B,2018/5/12 13:27
5747,4a2ab745bb4634885277c79d622c4ae6,D,Wrong Answer,8300,284,1818 B,2018/5/12 13:25
5746,7fe2bf9734f8c953aed1a8fecffec296,C,Runtime Error,8208,140,555 B,2018/5/12 13:14
5745,a26e296e95dd5f0f0616b556669d4fb7,D,Wrong Answer,7880,288,2389 B,2018/5/12 12:26
5744,08eddabb828f7be3312e39b6b348fd7e,D,Wrong Answer,7700,284,1818 B,2018/5/12 12:22
5743,08eddabb828f7be3312e39b6b348fd7e,D,Runtime Error,8240,280,1818 B,2018/5/12 12:16
5742,08eddabb828f7be3312e39b6b348fd7e,D,Wrong Answer,8268,144,1826 B,2018/5/12 12:14
5741,08eddabb828f7be3312e39b6b348fd7e,D,Wrong Answer,8240,272,1437 B,2018/5/12 12:06
5740,08eddabb828f7be3312e39b6b348fd7e,D,Wrong Answer,8256,148,1453 B,2018/5/12 12:00
5739,7fe2bf9734f8c953aed1a8fecffec296,B,Accepted,16676,2204,992 B,2018/5/12 11:56
5736,08eddabb828f7be3312e39b6b348fd7e,D,Runtime Error,7376,280,1482 B,2018/5/12 4:18
5735,08eddabb828f7be3312e39b6b348fd7e,C,Accepted,8632,1632,2039 B,2018/5/12 2:11
5734,08eddabb828f7be3312e39b6b348fd7e,C,Runtime Error,7332,136,457 B,2018/5/12 1:44
5733,8ca7edfc418bc6bb4c4ab554b31a00f4,C,Accepted,8300,1536,513 B,2018/5/12 1:43
5732,08eddabb828f7be3312e39b6b348fd7e,C,Runtime Error,7648,140,453 B,2018/5/12 1:36
5731,08eddabb828f7be3312e39b6b348fd7e,C,Runtime Error,8244,144,368 B,2018/5/12 1:29
5730,08eddabb828f7be3312e39b6b348fd7e,B,Accepted,15536,2240,592 B,2018/5/12 1:08
5728,08eddabb828f7be3312e39b6b348fd7e,A,Accepted,8272,284,800 B,2018/5/12 0:48
5723,b994a56ad8c482202d51554560cbb723,B,Accepted,15612,2076,665 B,2018/5/12 0:19
5722,8ca7edfc418bc6bb4c4ab554b31a00f4,C,Runtime Error,7940,140,426 B,2018/5/12 0:12
5719,8ca7edfc418bc6bb4c4ab554b31a00f4,C,Runtime Error,7860,140,430 B,2018/5/12 0:01
5718,212e5e48e1f4969b56cd22bd9a9c0c6e,C,Accepted,8316,1612,804 B,2018/5/11 23:56
5717,8ca7edfc418bc6bb4c4ab554b31a00f4,B,Accepted,15380,2140,878 B,2018/5/11 23:44
5716,b994a56ad8c482202d51554560cbb723,A,Accepted,8324,284,993 B,2018/5/11 23:37
5715,8ca7edfc418bc6bb4c4ab554b31a00f4,A,Accepted,8252,284,930 B,2018/5/11 23:19
5714,a26e296e95dd5f0f0616b556669d4fb7,D,Wrong Answer,7748,284,2390 B,2018/5/11 23:17
5713,a26e296e95dd5f0f0616b556669d4fb7,D,Runtime Error,7296,140,2219 B,2018/5/11 22:59
5712,b2cb9740d61b75c03178f71983231f21,D,Accepted,8292,284,1550 B,2018/5/11 22:57
5709,212e5e48e1f4969b56cd22bd9a9c0c6e,B,Accepted,15772,2244,815 B,2018/5/11 22:34
5708,3dc3749735c46aa2ae316d63875b2d28,A,Wrong Answer,7760,140,1199 B,2018/5/11 22:27
5707,212e5e48e1f4969b56cd22bd9a9c0c6e,B,Wrong Answer,13464,556,1253 B,2018/5/11 21:57
5703,736fcf550d3c98f84a8573fd7aba3fff,D,Accepted,7760,284,1094 B,2018/5/11 21:36
5702,49f250b1007da3c54876456d36f8b054,D,Accepted,7904,284,1096 B,2018/5/11 21:33
5700,b2cb9740d61b75c03178f71983231f21,C,Runtime Error,8412,136,412 B,2018/5/11 21:17
5698,212e5e48e1f4969b56cd22bd9a9c0c6e,B,Wrong Answer,13308,512,847 B,2018/5/11 21:13
5697,b2cb9740d61b75c03178f71983231f21,C,Runtime Error,7324,136,414 B,2018/5/11 21:10
5694,49f250b1007da3c54876456d36f8b054,C,Accepted,8268,1568,925 B,2018/5/11 20:59
5691,7fe2bf9734f8c953aed1a8fecffec296,A,Accepted,8248,284,954 B,2018/5/11 20:43
5690,49f250b1007da3c54876456d36f8b054,B,Accepted,15912,2148,683 B,2018/5/11 20:37
5689,212e5e48e1f4969b56cd22bd9a9c0c6e,A,Accepted,7736,276,830 B,2018/5/11 20:35
5688,b2cb9740d61b75c03178f71983231f21,B,Accepted,17272,2540,613 B,2018/5/11 20:34
5687,736fcf550d3c98f84a8573fd7aba3fff,C,Accepted,8300,1556,491 B,2018/5/11 20:34
5686,736fcf550d3c98f84a8573fd7aba3fff,C,Runtime Error,7652,136,433 B,2018/5/11 20:05
5685,a26e296e95dd5f0f0616b556669d4fb7,C,Accepted,8304,1556,489 B,2018/5/11 20:03
5684,b2cb9740d61b75c03178f71983231f21,A,Accepted,8228,296,634 B,2018/5/11 20:03
5683,736fcf550d3c98f84a8573fd7aba3fff,C,Runtime Error,8236,136,426 B,2018/5/11 19:55
5682,a26e296e95dd5f0f0616b556669d4fb7,C,Runtime Error,7660,136,394 B,2018/5/11 19:42
5681,736fcf550d3c98f84a8573fd7aba3fff,B,Accepted,15568,2120,768 B,2018/5/11 19:30
5680,bcc9cc0c8889a34e9bcf5afaaed0e07a,D,Accepted,8180,280,1142 B,2018/5/11 19:30
5679,a26e296e95dd5f0f0616b556669d4fb7,C,Runtime Error,8272,144,430 B,2018/5/11 19:27
5678,bcc9cc0c8889a34e9bcf5afaaed0e07a,C,Accepted,8296,1532,544 B,2018/5/11 19:24
5677,736fcf550d3c98f84a8573fd7aba3fff,A,Accepted,7836,292,834 B,2018/5/11 19:10
5676,bcc9cc0c8889a34e9bcf5afaaed0e07a,C,Runtime Error,7436,136,468 B,2018/5/11 19:07
5675,bcc9cc0c8889a34e9bcf5afaaed0e07a,C,Runtime Error,7444,136,471 B,2018/5/11 18:53
5674,bcc9cc0c8889a34e9bcf5afaaed0e07a,C,Runtime Error,8240,136,534 B,2018/5/11 18:49
5673,a26e296e95dd5f0f0616b556669d4fb7,B,Accepted,15944,2332,765 B,2018/5/11 18:33
5672,bcc9cc0c8889a34e9bcf5afaaed0e07a,B,Accepted,15544,2260,733 B,2018/5/11 18:32
5671,a26e296e95dd5f0f0616b556669d4fb7,A,Accepted,7808,276,1748 B,2018/5/11 18:07
5670,bcc9cc0c8889a34e9bcf5afaaed0e07a,A,Accepted,8244,284,1063 B,2018/5/11 18:07
5669,49f250b1007da3c54876456d36f8b054,A,Accepted,8208,296,1065 B,2018/5/11 17:54
5668,49f250b1007da3c54876456d36f8b054,A,Compile Error,0,0,1067 B,2018/5/11 17:44
5667,49f250b1007da3c54876456d36f8b054,A,Compile Error,0,0,1066 B,2018/5/11 17:43
